ipv4,text,line
64577:10090,烽火通信16304.txt,18
64577:10090,烽火通信16304.txt,20
64577:10090,烽火通信16304.txt,22
65384:18020,华为12586.txt,123
65384:18020,华为12586.txt,127
65384:1021009,华为12586.txt,128
65384:18020,华为12586.txt,129
65384:10030,华为12586.txt,133
65384:10030,华为12586.txt,137
65384:10030,华为12586.txt,138
65384:10030,华为12586.txt,140
65384:10030,华为12586.txt,144
65384:10030,华为12586.txt,145
65384:10010,华为12586.txt,149
65384:10010,华为12586.txt,153
65384:1021009,华为12586.txt,154
65384:10010,华为12586.txt,155
65384:10020,华为12586.txt,159
65384:10020,华为12586.txt,163
65384:1021009,华为12586.txt,164
65384:10020,华为12586.txt,165
38351:208100,中兴208.txt,126
38351:208100,中兴208.txt,134
38351:208100,中兴208.txt,136
64537:10030,中兴208.txt,144
64537:10030,中兴208.txt,150
64537:10030,中兴208.txt,152
64537:10010,中兴208.txt,160
64537:10010,中兴208.txt,166
64537:10010,中兴208.txt,168
64537:1005004,中兴208.txt,170
64537:10020,中兴208.txt,178
64537:10020,中兴208.txt,184
10020:64537,中兴208.txt,186
65257:10010,中兴5395.txt,34
65257:10010,中兴5395.txt,42
65257:10010,中兴5395.txt,44
65257:10010,中兴5395.txt,50
65257:10010,中兴5395.txt,52
65257:10020,中兴5395.txt,60
65257:10020,中兴5395.txt,68
65257:10020,中兴5395.txt,70
65257:10020,中兴5395.txt,76
65257:10020,中兴5395.txt,78
65257:10030,中兴5395.txt,86
65257:10030,中兴5395.txt,94
65257:10030,中兴5395.txt,96
65257:10030,中兴5395.txt,102
10030:65257,中兴5395.txt,104
65448:18040,华为14848.txt,127
65448:18040,华为14848.txt,131
65448:18040,华为14848.txt,132
65448:18030,华为14848.txt,137
65448:18030,华为14848.txt,141
65448:18030,华为14848.txt,142
65448:18020,华为14848.txt,147
65448:18020,华为14848.txt,151
65448:1011006,华为14848.txt,152
65448:18020,华为14848.txt,153
65448:10030,华为14848.txt,158
65448:10030,华为14848.txt,162
65448:10030,华为14848.txt,163
65448:10030,华为14848.txt,165
65448:10030,华为14848.txt,169
65448:10030,华为14848.txt,170
65448:10010,华为14848.txt,175
65448:10010,华为14848.txt,179
65448:1011006,华为14848.txt,180
65448:10010,华为14848.txt,181
65448:10010,华为14848.txt,183
65448:10010,华为14848.txt,187
65448:1011006,华为14848.txt,188
65448:1011007,华为14848.txt,189
65448:10010,华为14848.txt,190
65448:10020,华为14848.txt,195
65448:10020,华为14848.txt,199
65448:1011006,华为14848.txt,200
65448:10020,华为14848.txt,201
65448:10020,华为14848.txt,203
65448:10020,华为14848.txt,207
65448:1011006,华为14848.txt,208
65448:10020,华为14848.txt,209
65448:50000,华为14848.txt,214
65448:50000,华为14848.txt,218
65448:50000,华为14848.txt,219
65448:40000,华为14848.txt,224
65448:40000,华为14848.txt,228
65448:40000,华为14848.txt,229
65448:20002,华为14848.txt,234
65448:20002,华为14848.txt,238
65448:20002,华为14848.txt,239
65448:20001,华为14848.txt,244
65448:20001,华为14848.txt,248
65448:20001,华为14848.txt,249
65448:60001,华为14848.txt,254
65448:60001,华为14848.txt,258
65448:60001,华为14848.txt,259
65448:10000,华为14848.txt,264
65448:10000,华为14848.txt,268
65448:10000,华为14848.txt,269
38351:220090,华三12342.txt,19
38351:220090,华三12342.txt,23
38351:220090,华三12342.txt,25
38351:220090,华三12342.txt,33
38351:220090,华三12342.txt,39
65343:360006,华三12342.txt,45
65343:360006,华三12342.txt,52
65343:360006,华三12342.txt,54
65343:360006,华三12342.txt,62
65343:360006,华三12342.txt,68
65343:360005,华三12342.txt,74
65343:360005,华三12342.txt,78
65343:360005,华三12342.txt,80
65343:360005,华三12342.txt,88
65343:360005,华三12342.txt,94
65343:11515,华三12342.txt,103
65343:11515,华三12342.txt,107
65343:11515,华三12342.txt,109
65343:11515,华三12342.txt,117
65343:11515,华三12342.txt,123
65343:10010,华三12342.txt,129
65343:10010,华三12342.txt,133
65343:1007003,华三12342.txt,133
65343:10010,华三12342.txt,135
65343:1007003,华三12342.txt,135
65343:10010,华三12342.txt,143
65343:10010,华三12342.txt,152
65343:360003,华三12342.txt,160
65343:360003,华三12342.txt,164
65343:360003,华三12342.txt,166
65343:360003,华三12342.txt,174
65343:360003,华三12342.txt,180
65343:360004,华三12342.txt,186
65343:360004,华三12342.txt,190
65343:360004,华三12342.txt,192
65343:360004,华三12342.txt,203
65343:360004,华三12342.txt,209
38351:220030,华三12342.txt,215
38351:220030,华三12342.txt,219
38351:220030,华三12342.txt,221
38351:220030,华三12342.txt,229
38351:220030,华三12342.txt,235
64515:10050,华为5822.txt,111
64515:10050,华为5822.txt,115
64515:1041001,华为5822.txt,116
64515:10050,华为5822.txt,117
64515:10050,华为5822.txt,119
64515:10050,华为5822.txt,123
64515:1041001,华为5822.txt,124
64515:10050,华为5822.txt,125
64515:10060,华为5822.txt,129
64515:10060,华为5822.txt,133
64515:1041001,华为5822.txt,134
64515:10060,华为5822.txt,135
64515:10060,华为5822.txt,137
64515:10060,华为5822.txt,141
64515:1041001,华为5822.txt,142
64515:10060,华为5822.txt,143
64515:10030,华为5822.txt,147
64515:10030,华为5822.txt,151
64515:1041001,华为5822.txt,152
64515:10030,华为5822.txt,153
64515:10030,华为5822.txt,155
64515:10030,华为5822.txt,159
64515:1041001,华为5822.txt,160
64515:10030,华为5822.txt,161
64515:10010,华为5822.txt,165
64515:10010,华为5822.txt,169
64515:1041001,华为5822.txt,170
64515:10010,华为5822.txt,171
64515:10010,华为5822.txt,173
64515:10010,华为5822.txt,178
64515:1041001,华为5822.txt,179
64515:1041002,华为5822.txt,180
64515:10010,华为5822.txt,181
64515:10020,华为5822.txt,185
64515:10020,华为5822.txt,189
64515:1041001,华为5822.txt,190
64515:10020,华为5822.txt,191
64515:10020,华为5822.txt,193
64515:10020,华为5822.txt,197
64515:1041001,华为5822.txt,198
64515:10020,华为5822.txt,199
64515:10040,华为5822.txt,203
64515:10040,华为5822.txt,207
64515:1041001,华为5822.txt,208
64515:10040,华为5822.txt,209
64515:10040,华为5822.txt,211
64515:10040,华为5822.txt,215
64515:1041001,华为5822.txt,216
64515:10040,华为5822.txt,217
64515:10080,华为5822.txt,221
64515:10080,华为5822.txt,225
64515:1041001,华为5822.txt,226
64515:10080,华为5822.txt,227
64515:10080,华为5822.txt,229
64515:10080,华为5822.txt,233
64515:1041001,华为5822.txt,234
64515:10080,华为5822.txt,235
64582:10030,中兴16138.txt,98
64582:10030,中兴16138.txt,106
10030:64582,中兴16138.txt,108
64582:10030,中兴16138.txt,114
64582:10030,中兴16138.txt,116
64582:10010,中兴16138.txt,124
64582:10010,中兴16138.txt,132
64582:10010,中兴16138.txt,134
64582:1123003,中兴16138.txt,136
64582:1123003,中兴16138.txt,138
64582:10010,中兴16138.txt,144
64582:10010,中兴16138.txt,146
64582:1123003,中兴16138.txt,148
64582:1123003,中兴16138.txt,150
64582:1003002,中兴16138.txt,152
64582:1123002,中兴16138.txt,154
64582:10020,中兴16138.txt,162
64582:10020,中兴16138.txt,170
64582:10020,中兴16138.txt,172
64582:10020,中兴16138.txt,178
64582:10020,中兴16138.txt,180
64582:10090,中兴16138.txt,188
64582:10090,中兴16138.txt,194
64582:10090,中兴16138.txt,196
65341:11158,中兴9963.txt,40
65341:11158,中兴9963.txt,48
65341:11158,中兴9963.txt,50
65341:11158,中兴9963.txt,56
65341:11158,中兴9963.txt,58
65341:10010,中兴9963.txt,60
65341:10010,中兴9963.txt,62
38351:220030,中兴9963.txt,70
38351:220030,中兴9963.txt,80
38351:220030,中兴9963.txt,82
38351:220090,中兴9963.txt,90
38351:220090,中兴9963.txt,96
38351:220090,中兴9963.txt,98
65341:11515,中兴9963.txt,106
65341:11515,中兴9963.txt,114
65341:11515,中兴9963.txt,116
65341:11515,中兴9963.txt,122
65341:11515,中兴9963.txt,124
64500:1000,中兴9963.txt,908
65260:10030,华为5412.txt,120
65260:10030,华为5412.txt,124
65260:10030,华为5412.txt,125
65260:10010,华为5412.txt,129
65260:10010,华为5412.txt,133
65260:10010,华为5412.txt,134
65260:10020,华为5412.txt,138
65260:10020,华为5412.txt,142
65260:10020,华为5412.txt,143
65260:10080,华为5412.txt,147
65260:10080,华为5412.txt,151
65260:10080,华为5412.txt,152
65257:10010,中兴5397.txt,40
65257:10010,中兴5397.txt,48
65257:10010,中兴5397.txt,50
65257:10010,中兴5397.txt,56
65257:10010,中兴5397.txt,58
65257:10030,中兴5397.txt,66
65257:10030,中兴5397.txt,74
65257:10030,中兴5397.txt,76
65257:10030,中兴5397.txt,82
65257:10030,中兴5397.txt,84
65257:10020,中兴5397.txt,92
65257:10020,中兴5397.txt,100
65257:10020,中兴5397.txt,102
65257:10020,中兴5397.txt,108
65257:10020,中兴5397.txt,110
64590:18040,烽火通信1323.txt,17
64590:18040,烽火通信1323.txt,19
64590:18040,烽火通信1323.txt,21
64590:20021,烽火通信1323.txt,31
64590:20021,烽火通信1323.txt,33
64590:20021,烽火通信1323.txt,35
64590:20011,烽火通信1323.txt,45
64590:20011,烽火通信1323.txt,47
64590:20011,烽火通信1323.txt,49
64590:10030,烽火通信1323.txt,59
64590:10030,烽火通信1323.txt,61
64590:10030,烽火通信1323.txt,63
64590:10030,烽火通信1323.txt,69
64590:10030,烽火通信1323.txt,71
64590:10030,烽火通信1323.txt,73
64590:10010,烽火通信1323.txt,83
64590:10010,烽火通信1323.txt,85
64590:1039002,烽火通信1323.txt,87
64590:10010,烽火通信1323.txt,89
65421:8620102,华三4146.txt,19
65421:2020,华三4146.txt,23
65421:2020,华三4146.txt,25
65421:8620102,华三4146.txt,33
65421:8620102,华三4146.txt,41
65421:10030,华三4146.txt,52
65421:10030,华三4146.txt,56
65421:10030,华三4146.txt,58
65421:10030,华三4146.txt,66
65421:10030,华三4146.txt,74
65421:10010,华三4146.txt,82
65421:1003000,华三4146.txt,86
65421:1003000,华三4146.txt,88
65421:10010,华三4146.txt,88
65421:10010,华三4146.txt,96
65421:10010,华三4146.txt,107
65421:10020,华三4146.txt,115
65421:2003000,华三4146.txt,119
65421:2003000,华三4146.txt,121
65421:10020,华三4146.txt,121
65421:10020,华三4146.txt,129
65421:10020,华三4146.txt,137
65421:8620103,华三4146.txt,145
65421:3020,华三4146.txt,152
65421:3020,华三4146.txt,154
65421:8620103,华三4146.txt,162
65421:8620103,华三4146.txt,170
65484:10000,中兴7.txt,43
65484:10000,中兴7.txt,49
65484:10000,中兴7.txt,51
65484:11158,中兴7.txt,59
65484:11158,中兴7.txt,65
65484:11158,中兴7.txt,67
65484:11524,中兴7.txt,75
65484:11524,中兴7.txt,81
65484:11524,中兴7.txt,83
65484:11159,中兴7.txt,91
65484:11159,中兴7.txt,97
65484:11159,中兴7.txt,99
65484:248610,中兴7.txt,107
65484:248610,中兴7.txt,113
65484:248610,中兴7.txt,115
65484:10010,中兴7.txt,124
65484:10010,中兴7.txt,130
65484:10010,中兴7.txt,132
65484:11000,中兴7.txt,141
65484:11000,中兴7.txt,147
65484:11000,中兴7.txt,149
65371:10010,中兴13327.txt,40
65371:10010,中兴13327.txt,46
65371:10010,中兴13327.txt,48
65371:10020,中兴13327.txt,56
65371:10020,中兴13327.txt,62
65371:10020,中兴13327.txt,64
65371:10050,中兴13327.txt,72
65371:10050,中兴13327.txt,80
65371:10050,中兴13327.txt,82
65371:10050,中兴13327.txt,88
65371:10050,中兴13327.txt,90
65371:10060,中兴13327.txt,98
65371:10060,中兴13327.txt,106
65371:10060,中兴13327.txt,108
65371:10060,中兴13327.txt,114
65371:10060,中兴13327.txt,116
65371:18020,中兴13327.txt,124
65371:18020,中兴13327.txt,130
65371:18020,中兴13327.txt,132
65371:10040,中兴13327.txt,140
65371:10040,中兴13327.txt,148
65371:10040,中兴13327.txt,150
65371:10040,中兴13327.txt,156
65371:10040,中兴13327.txt,158
65371:20010,中兴13327.txt,166
65371:20010,中兴13327.txt,174
65371:20010,中兴13327.txt,176
65371:20010,中兴13327.txt,182
20010:65371,中兴13327.txt,184
65371:20030,中兴13327.txt,192
65371:20030,中兴13327.txt,200
65371:20030,中兴13327.txt,202
65371:20030,中兴13327.txt,208
65371:20030,中兴13327.txt,210
64523:204090,烽火通信6662.txt,18
64523:1019001,烽火通信6662.txt,20
64523:204090,烽火通信6662.txt,22
64523:1019001,烽火通信6662.txt,24
64523:204090,烽火通信6662.txt,26
64523:10030,烽火通信6662.txt,36
64523:1019001,烽火通信6662.txt,38
64523:1019001,烽火通信6662.txt,40
64523:10030,烽火通信6662.txt,42
64523:1019001,烽火通信6662.txt,45
64523:10010,烽火通信6662.txt,55
64523:1019001,烽火通信6662.txt,57
64523:1021011,烽火通信6662.txt,59
64523:10010,烽火通信6662.txt,61
64523:1019001,烽火通信6662.txt,63
64523:10010,烽火通信6662.txt,65
64523:204060,烽火通信6662.txt,83
64523:1019001,烽火通信6662.txt,85
64523:204060,烽火通信6662.txt,87
64523:1019001,烽火通信6662.txt,89
64523:204060,烽火通信6662.txt,91
65384:18020,华为12594.txt,123
65384:18020,华为12594.txt,127
65384:1075042,华为12594.txt,128
65384:18020,华为12594.txt,129
65384:10030,华为12594.txt,133
65384:10030,华为12594.txt,137
65384:10030,华为12594.txt,138
65384:10030,华为12594.txt,140
65384:10030,华为12594.txt,144
65384:10030,华为12594.txt,145
65384:10010,华为12594.txt,149
65384:10010,华为12594.txt,153
65384:1075042,华为12594.txt,154
65384:10010,华为12594.txt,155
65384:10020,华为12594.txt,159
65384:10020,华为12594.txt,163
65384:1075042,华为12594.txt,164
65384:10020,华为12594.txt,165
64513:120000,中兴1095.txt,128
64513:120000,中兴1095.txt,134
64513:120000,中兴1095.txt,136
64513:120005,中兴1095.txt,144
64513:120005,中兴1095.txt,150
64513:120005,中兴1095.txt,152
64513:10010,中兴1095.txt,160
64513:10010,中兴1095.txt,166
64513:10010,中兴1095.txt,168
64513:1031001,中兴1095.txt,170
64513:1031001,中兴1095.txt,172
64513:10020,中兴1095.txt,180
64513:10020,中兴1095.txt,186
64513:10020,中兴1095.txt,188
65433:338090,华为5364.txt,181
65433:338090,华为5364.txt,184
65433:338090,华为5364.txt,185
65433:10050,华为5364.txt,189
65433:10050,华为5364.txt,193
65433:10050,华为5364.txt,194
65433:10050,华为5364.txt,196
65433:10050,华为5364.txt,200
65433:10050,华为5364.txt,201
65433:22046,华为5364.txt,205
65433:12046,华为5364.txt,208
65433:12046,华为5364.txt,209
65433:10060,华为5364.txt,213
65433:10060,华为5364.txt,217
65433:10060,华为5364.txt,218
65433:10060,华为5364.txt,220
65433:10060,华为5364.txt,224
65433:10060,华为5364.txt,225
65433:10010,华为5364.txt,230
64533:10010,华为5364.txt,234
64533:10010,华为5364.txt,235
65433:10020,华为5364.txt,239
65433:10020,华为5364.txt,243
65433:10020,华为5364.txt,244
65433:10040,华为5364.txt,248
65433:10040,华为5364.txt,252
65433:10040,华为5364.txt,253
65433:10040,华为5364.txt,255
65433:10040,华为5364.txt,259
65433:10040,华为5364.txt,260
65433:10080,华为5364.txt,264
65433:10080,华为5364.txt,268
65433:10080,华为5364.txt,269
65433:20000,华为5364.txt,273
65433:20000,华为5364.txt,277
65433:20000,华为5364.txt,278
65433:200,华为5364.txt,3231
65433:200,华为5364.txt,3237
65433:100,华为5364.txt,3279
65433:200,华为5364.txt,3280
65488:11524,华为15.txt,96
65488:11524,华为15.txt,100
65488:11524,华为15.txt,101
65488:11158,华为15.txt,105
65488:11158,华为15.txt,109
65488:11158,华为15.txt,110
65488:11159,华为15.txt,114
65488:11159,华为15.txt,118
65488:11159,华为15.txt,119
65488:305000,华为15.txt,123
65488:305000,华为15.txt,127
65488:305000,华为15.txt,128
65488:12187,华为15.txt,132
65488:12187,华为15.txt,134
65488:12186,华为15.txt,135
65488:12187,华为15.txt,137
65488:12187,华为15.txt,139
65488:12186,华为15.txt,140
65488:248610,华为15.txt,144
65488:248610,华为15.txt,146
65488:248610,华为15.txt,147
65479:11000,华为15.txt,151
65479:11000,华为15.txt,155
65479:11000,华为15.txt,156
65479:10010,华为15.txt,160
65479:10010,华为15.txt,164
65479:10010,华为15.txt,165
65488:100,华为15.txt,1218
65488:100,华为15.txt,1223
65247:10010,华三1176.txt,19
65247:10010,华三1176.txt,21
65247:10010,华三1176.txt,23
65247:10010,华三1176.txt,29
65247:10010,华三1176.txt,35
65247:10020,华三1176.txt,41
65247:10020,华三1176.txt,43
65247:10020,华三1176.txt,45
65247:10020,华三1176.txt,54
65247:10020,华三1176.txt,60
64534:18040,华三2324.txt,19
64534:18040,华三2324.txt,23
18040:64534,华三2324.txt,25
64534:18040,华三2324.txt,33
64534:18040,华三2324.txt,41
64534:18030,华三2324.txt,49
64534:18030,华三2324.txt,53
64534:18030,华三2324.txt,55
64534:18030,华三2324.txt,63
64534:18030,华三2324.txt,71
64534:18020,华三2324.txt,79
64534:18020,华三2324.txt,83
64534:18020,华三2324.txt,85
64534:1035001,华三2324.txt,85
64534:18020,华三2324.txt,93
64534:18020,华三2324.txt,104
64534:10030,华三2324.txt,112
64534:10030,华三2324.txt,116
64534:10030,华三2324.txt,118
64534:10030,华三2324.txt,126
64534:10030,华三2324.txt,134
64534:10010,华三2324.txt,142
64534:10010,华三2324.txt,149
64534:10010,华三2324.txt,151
64534:1035001,华三2324.txt,151
64534:10010,华三2324.txt,159
64534:10010,华三2324.txt,167
64534:10020,华三2324.txt,175
64534:10020,华三2324.txt,179
64534:10020,华三2324.txt,181
64534:1035001,华三2324.txt,181
64534:10020,华三2324.txt,189
64534:10020,华三2324.txt,200
65495:10010,中兴13332.txt,38
65495:10010,中兴13332.txt,46
65495:10010,中兴13332.txt,48
65495:10040,中兴13332.txt,58
65495:10040,中兴13332.txt,66
65495:10040,中兴13332.txt,68
65495:10040,中兴13332.txt,74
65495:10040,中兴13332.txt,76
65495:10050,中兴13332.txt,84
65495:10050,中兴13332.txt,92
65495:10050,中兴13332.txt,94
65495:10050,中兴13332.txt,100
65495:10050,中兴13332.txt,102
65495:10060,中兴13332.txt,110
65495:10060,中兴13332.txt,118
65495:10060,中兴13332.txt,120
65495:10060,中兴13332.txt,126
65495:10060,中兴13332.txt,128
65495:20000,中兴13332.txt,136
65495:20000,中兴13332.txt,144
65495:20000,中兴13332.txt,146
65495:18020,中兴13332.txt,154
65495:18020,中兴13332.txt,160
65495:18020,中兴13332.txt,162
65495:10020,中兴13332.txt,170
65495:10020,中兴13332.txt,178
65495:10020,中兴13332.txt,180
65495:18010,中兴13332.txt,188
65495:18010,中兴13332.txt,194
65495:18010,中兴13332.txt,196
65495:10100,中兴13332.txt,204
65495:10100,中兴13332.txt,212
65495:10100,中兴13332.txt,214
65495:10100,中兴13332.txt,220
65495:10100,中兴13332.txt,222
65122:2900,中兴13332.txt,3561
65124:2900,中兴13332.txt,3571
65125:2900,中兴13332.txt,3581
65127:2900,中兴13332.txt,3591
65122:2900,中兴13332.txt,3615
65124:2900,中兴13332.txt,3628
65125:2900,中兴13332.txt,3638
65127:2900,中兴13332.txt,3647
65122:2900,中兴13332.txt,3675
65124:2900,中兴13332.txt,3684
65125:2900,中兴13332.txt,3693
65127:2900,中兴13332.txt,3702
65125:2900,中兴13332.txt,3785
65127:2900,中兴13332.txt,3793
65125:2900,中兴13332.txt,3809
65127:2900,中兴13332.txt,3817
65122:2900,中兴13332.txt,3825
65124:2900,中兴13332.txt,3833
65122:2900,中兴13332.txt,3868
65125:2900,中兴13332.txt,3878
65124:2900,中兴13332.txt,3888
65127:2900,中兴13332.txt,3899
65122:2900,中兴13332.txt,3985
65125:2900,中兴13332.txt,3996
65124:2900,中兴13332.txt,4007
65127:2900,中兴13332.txt,4018
65125:2900,中兴13332.txt,4047
65127:2900,中兴13332.txt,4058
65122:2900,中兴13332.txt,4069
65124:2900,中兴13332.txt,4080
65122:2900,中兴13332.txt,4176
65125:2900,中兴13332.txt,4186
65124:2900,中兴13332.txt,4196
65127:2900,中兴13332.txt,4206
64604:18030,中兴8073.txt,110
64604:18030,中兴8073.txt,116
64604:18030,中兴8073.txt,118
64604:18020,中兴8073.txt,126
64604:18020,中兴8073.txt,132
64604:18020,中兴8073.txt,134
64604:10030,中兴8073.txt,142
64604:10030,中兴8073.txt,150
64604:10030,中兴8073.txt,152
64604:10010,中兴8073.txt,160
64604:10010,中兴8073.txt,166
64604:10010,中兴8073.txt,168
64604:1013004,中兴8073.txt,170
64604:10020,中兴8073.txt,178
64604:10020,中兴8073.txt,184
64604:10020,中兴8073.txt,186
65346:18030,华为10141.txt,99
65346:18030,华为10141.txt,103
65346:18030,华为10141.txt,104
65346:18020,华为10141.txt,108
65346:18020,华为10141.txt,112
65346:3007004,华为10141.txt,113
65346:18020,华为10141.txt,114
65346:3007004,华为10141.txt,115
65346:11515,华为10141.txt,119
65346:11515,华为10141.txt,122
65346:11515,华为10141.txt,123
65346:10010,华为10141.txt,127
65346:10010,华为10141.txt,132
65346:1007004,华为10141.txt,133
65346:1007005,华为10141.txt,134
65346:10010,华为10141.txt,135
65346:1007004,华为10141.txt,136
65482:21524,华三21.txt,19
65482:11524,华三21.txt,23
65482:11524,华三21.txt,25
65482:21524,华三21.txt,33
65482:21524,华三21.txt,41
65482:21158,华三21.txt,52
65482:11158,华三21.txt,56
65482:11158,华三21.txt,58
65482:21158,华三21.txt,66
65482:21158,华三21.txt,74
65482:21159,华三21.txt,82
65482:11159,华三21.txt,86
65482:11159,华三21.txt,88
65482:21159,华三21.txt,96
65482:21159,华三21.txt,107
65482:315000,华三21.txt,115
65482:305000,华三21.txt,117
65482:305000,华三21.txt,119
65482:315000,华三21.txt,127
65482:315000,华三21.txt,135
65482:22187,华三21.txt,143
65482:12187,华三21.txt,150
12187:65482,华三21.txt,152
65482:22187,华三21.txt,160
65482:22187,华三21.txt,168
65482:248611,华三21.txt,176
65482:248611,华三21.txt,182
65482:248610,华三21.txt,184
65482:248610,华三21.txt,186
65482:248611,华三21.txt,192
65482:21000,华三21.txt,201
65482:11000,华三21.txt,203
65482:11000,华三21.txt,205
65482:21000,华三21.txt,213
65482:21000,华三21.txt,221
65482:20010,华三21.txt,229
65482:10010,华三21.txt,231
65482:10010,华三21.txt,233
65482:20010,华三21.txt,241
65482:20010,华三21.txt,252
65372:10010,中兴13330.txt,40
65372:10010,中兴13330.txt,46
65372:10010,中兴13330.txt,48
65372:10020,中兴13330.txt,56
65372:10020,中兴13330.txt,62
65372:10020,中兴13330.txt,64
65372:10050,中兴13330.txt,72
65372:10050,中兴13330.txt,80
65372:10050,中兴13330.txt,82
65372:10050,中兴13330.txt,88
65372:10050,中兴13330.txt,90
65372:10060,中兴13330.txt,98
65372:10060,中兴13330.txt,106
65372:10060,中兴13330.txt,108
65372:10060,中兴13330.txt,114
65372:10060,中兴13330.txt,116
65372:18020,中兴13330.txt,124
65372:18020,中兴13330.txt,130
65372:18020,中兴13330.txt,132
65372:10040,中兴13330.txt,140
65372:10040,中兴13330.txt,148
65372:10040,中兴13330.txt,150
65372:10040,中兴13330.txt,156
65372:10040,中兴13330.txt,158
65372:20010,中兴13330.txt,166
65372:20010,中兴13330.txt,174
65372:20010,中兴13330.txt,176
65372:20010,中兴13330.txt,182
65372:20010,中兴13330.txt,184
64513:18040,华为903.txt,138
64513:18040,华为903.txt,143
64513:18040,华为903.txt,144
64513:120000,华为903.txt,148
64513:120000,华为903.txt,153
64513:120000,华为903.txt,154
64513:120005,华为903.txt,158
64513:120005,华为903.txt,163
64513:120005,华为903.txt,164
64513:10010,华为903.txt,168
64513:10010,华为903.txt,173
64513:10010,华为903.txt,174
64513:10020,华为903.txt,178
64513:10020,华为903.txt,183
64513:10020,华为903.txt,184
64513:120010,华为903.txt,188
64513:120010,华为903.txt,190
64513:120010,华为903.txt,191
64500:1000,华为903.txt,1135
64513:1071001,华为903.txt,1224
64513:1071016,华为903.txt,1225
64513:1071002,华为903.txt,1226
64513:1071003,华为903.txt,1227
64513:1071004,华为903.txt,1228
65523:10070,华三13312.txt,19
65523:10070,华三13312.txt,21
65523:10070,华三13312.txt,23
65523:10070,华三13312.txt,29
65523:10070,华三13312.txt,35
65523:10070,华三13312.txt,37
65523:10070,华三13312.txt,39
65523:20010,华三13312.txt,45
65523:20010,华三13312.txt,47
65523:20010,华三13312.txt,52
65523:20010,华三13312.txt,58
65523:20010,华三13312.txt,64
65523:10050,华三13312.txt,70
65523:10050,华三13312.txt,72
65523:10050,华三13312.txt,74
65523:10050,华三13312.txt,82
65523:10050,华三13312.txt,90
65523:10060,华三13312.txt,96
65523:10060,华三13312.txt,101
65523:10060,华三13312.txt,103
65523:10060,华三13312.txt,109
65523:10060,华三13312.txt,115
65523:10060,华三13312.txt,117
65523:10060,华三13312.txt,119
65523:10030,华三13312.txt,125
65523:10030,华三13312.txt,127
65523:10030,华三13312.txt,129
65523:10030,华三13312.txt,135
65523:10030,华三13312.txt,141
65523:10030,华三13312.txt,143
65523:10030,华三13312.txt,145
65523:10010,华三13312.txt,154
65523:10010,华三13312.txt,156
65523:10010,华三13312.txt,158
65523:10010,华三13312.txt,164
65523:10010,华三13312.txt,166
65523:10010,华三13312.txt,168
65523:10010,华三13312.txt,174
65523:10010,华三13312.txt,176
65523:10010,华三13312.txt,178
65523:10020,华三13312.txt,184
65523:10020,华三13312.txt,186
65523:10020,华三13312.txt,188
65523:10020,华三13312.txt,194
65523:10020,华三13312.txt,203
65523:10020,华三13312.txt,205
65523:10020,华三13312.txt,207
65523:10040,华三13312.txt,213
65523:10040,华三13312.txt,217
65523:10040,华三13312.txt,219
65523:10040,华三13312.txt,227
65523:10040,华三13312.txt,235
65523:18020,华三13312.txt,241
65523:18020,华三13312.txt,243
65523:18020,华三13312.txt,248
65523:18020,华三13312.txt,254
65523:18020,华三13312.txt,256
65523:18020,华三13312.txt,258
65523:18020,华三13312.txt,264
65523:18020,华三13312.txt,266
65523:18020,华三13312.txt,268
65523:18030,华三13312.txt,274
65523:18030,华三13312.txt,276
65523:18030,华三13312.txt,278
65523:18030,华三13312.txt,284
65523:18030,华三13312.txt,286
65523:18030,华三13312.txt,288
65523:18030,华三13312.txt,297
65523:18030,华三13312.txt,299
65523:18030,华三13312.txt,301
65523:10080,华三13312.txt,333
65523:10080,华三13312.txt,335
65523:10080,华三13312.txt,337
65523:10080,华三13312.txt,346
65523:10080,华三13312.txt,352
65523:10080,华三13312.txt,354
65523:10080,华三13312.txt,356
64515:10050,华为5831.txt,111
64515:10050,华为5831.txt,115
64515:1043001,华为5831.txt,116
64515:10050,华为5831.txt,117
64515:10050,华为5831.txt,119
64515:10050,华为5831.txt,123
64515:1043001,华为5831.txt,124
64515:10050,华为5831.txt,125
64515:10060,华为5831.txt,129
64515:10060,华为5831.txt,133
64515:1043001,华为5831.txt,134
64515:10060,华为5831.txt,135
64515:10060,华为5831.txt,137
64515:10060,华为5831.txt,141
64515:1043001,华为5831.txt,142
64515:10060,华为5831.txt,143
64515:10030,华为5831.txt,147
64515:10030,华为5831.txt,151
64515:1043001,华为5831.txt,152
64515:10030,华为5831.txt,153
64515:10030,华为5831.txt,155
64515:10030,华为5831.txt,159
64515:1043001,华为5831.txt,160
64515:10030,华为5831.txt,161
64515:10010,华为5831.txt,165
64515:10010,华为5831.txt,169
64515:1043001,华为5831.txt,170
64515:10010,华为5831.txt,171
64515:10010,华为5831.txt,173
64515:10010,华为5831.txt,178
64515:1043001,华为5831.txt,179
64515:1043002,华为5831.txt,180
64515:10010,华为5831.txt,181
64515:10020,华为5831.txt,185
64515:10020,华为5831.txt,189
64515:1043001,华为5831.txt,190
64515:10020,华为5831.txt,191
64515:10020,华为5831.txt,193
64515:10020,华为5831.txt,197
64515:1043001,华为5831.txt,198
64515:10020,华为5831.txt,199
64515:10040,华为5831.txt,203
64515:10040,华为5831.txt,207
64515:1043001,华为5831.txt,208
64515:10040,华为5831.txt,209
64515:10040,华为5831.txt,211
64515:10040,华为5831.txt,215
64515:1043001,华为5831.txt,216
64515:10040,华为5831.txt,217
64515:10080,华为5831.txt,221
64515:10080,华为5831.txt,225
64515:1043001,华为5831.txt,226
64515:10080,华为5831.txt,227
64515:10080,华为5831.txt,229
64515:10080,华为5831.txt,233
64515:1043001,华为5831.txt,234
64515:10080,华为5831.txt,235
65443:10010,中兴5385.txt,40
65443:10010,中兴5385.txt,48
65443:10010,中兴5385.txt,50
65443:10020,中兴5385.txt,58
65443:10020,中兴5385.txt,66
65443:10020,中兴5385.txt,68
65443:10050,中兴5385.txt,76
65443:10050,中兴5385.txt,84
65443:10050,中兴5385.txt,86
65443:10050,中兴5385.txt,92
65443:10050,中兴5385.txt,94
65443:10060,中兴5385.txt,102
65443:10060,中兴5385.txt,110
65443:10060,中兴5385.txt,112
65443:10060,中兴5385.txt,118
65443:10060,中兴5385.txt,120
65486:11524,华为17.txt,91
65486:11524,华为17.txt,94
65486:11524,华为17.txt,95
65486:11158,华为17.txt,99
65486:11158,华为17.txt,102
65486:11158,华为17.txt,103
65486:11159,华为17.txt,107
65486:11159,华为17.txt,110
65486:11159,华为17.txt,111
65486:12187,华为17.txt,115
65486:12187,华为17.txt,117
65486:12187,华为17.txt,118
65486:12187,华为17.txt,120
65486:12187,华为17.txt,122
65486:12187,华为17.txt,123
65486:248610,华为17.txt,127
65486:248610,华为17.txt,129
65486:248610,华为17.txt,130
65487:100,华为17.txt,1071
65487:100,华为17.txt,1076
65437:10050,华为5372.txt,149
65437:10050,华为5372.txt,153
65437:10050,华为5372.txt,154
65437:10050,华为5372.txt,156
65437:10050,华为5372.txt,160
65437:10050,华为5372.txt,161
65437:10060,华为5372.txt,165
65437:10060,华为5372.txt,169
65437:10060,华为5372.txt,170
65437:10060,华为5372.txt,172
65437:10060,华为5372.txt,176
65437:10060,华为5372.txt,177
65437:10010,华为5372.txt,181
65437:10010,华为5372.txt,185
65437:10010,华为5372.txt,186
65437:10020,华为5372.txt,190
65437:10020,华为5372.txt,194
65437:10020,华为5372.txt,195
65437:10080,华为5372.txt,199
65437:10080,华为5372.txt,203
65437:10080,华为5372.txt,204
65437:100,华为5372.txt,1170
65437:200,华为5372.txt,1181
65437:200,华为5372.txt,1185
65437:100,华为5372.txt,1212
65437:200,华为5372.txt,1213
65448:18030,华三15400.txt,21
65448:18030,华三15400.txt,25
65448:18030,华三15400.txt,27
65448:18030,华三15400.txt,35
65448:18030,华三15400.txt,43
65448:18020,华三15400.txt,54
65448:18020,华三15400.txt,58
65448:18020,华三15400.txt,60
65448:1121002,华三15400.txt,60
65448:18020,华三15400.txt,68
65448:18020,华三15400.txt,76
65448:10030,华三15400.txt,84
65448:10030,华三15400.txt,88
65448:10030,华三15400.txt,90
65448:10030,华三15400.txt,101
65448:10030,华三15400.txt,109
65448:10010,华三15400.txt,117
65448:10010,华三15400.txt,121
65448:10010,华三15400.txt,123
65448:1121002,华三15400.txt,123
65448:1121003,华三15400.txt,123
65448:10010,华三15400.txt,131
65448:10010,华三15400.txt,139
65448:10020,华三15400.txt,150
65448:10020,华三15400.txt,154
65448:10020,华三15400.txt,156
65448:1121002,华三15400.txt,156
65448:10020,华三15400.txt,164
65448:10020,华三15400.txt,172
65448:20002,华三15400.txt,180
65448:20002,华三15400.txt,184
65448:20002,华三15400.txt,186
65448:20002,华三15400.txt,194
65448:20002,华三15400.txt,203
65448:20001,华三15400.txt,209
65448:20001,华三15400.txt,213
65448:20001,华三15400.txt,215
65448:20001,华三15400.txt,223
65448:20001,华三15400.txt,229
65495:18010,中兴13331.txt,38
65495:18010,中兴13331.txt,44
65495:18010,中兴13331.txt,46
65495:10040,中兴13331.txt,54
65495:10040,中兴13331.txt,62
65495:10040,中兴13331.txt,64
65495:10040,中兴13331.txt,70
65495:10040,中兴13331.txt,72
65495:20000,中兴13331.txt,80
65495:20000,中兴13331.txt,88
65495:20000,中兴13331.txt,90
65495:10020,中兴13331.txt,98
65495:10020,中兴13331.txt,106
65495:10020,中兴13331.txt,108
65495:10060,中兴13331.txt,116
65495:10060,中兴13331.txt,124
65495:10060,中兴13331.txt,126
65495:10060,中兴13331.txt,132
65495:10060,中兴13331.txt,134
65495:18020,中兴13331.txt,142
65495:18020,中兴13331.txt,148
65495:18020,中兴13331.txt,150
65495:10050,中兴13331.txt,158
65495:10050,中兴13331.txt,166
65495:10050,中兴13331.txt,168
65495:10050,中兴13331.txt,174
65495:10050,中兴13331.txt,176
65495:10010,中兴13331.txt,184
65495:10010,中兴13331.txt,192
65495:10010,中兴13331.txt,194
65495:10100,中兴13331.txt,202
65495:10100,中兴13331.txt,210
65495:10100,中兴13331.txt,212
65495:10100,中兴13331.txt,218
65495:10100,中兴13331.txt,220
65125:2900,中兴13331.txt,3470
65127:2900,中兴13331.txt,3483
65122:2900,中兴13331.txt,3505
65124:2900,中兴13331.txt,3514
65125:2900,中兴13331.txt,3523
65127:2900,中兴13331.txt,3532
65122:2900,中兴13331.txt,3611
65124:2900,中兴13331.txt,3621
65125:2900,中兴13331.txt,3631
65127:2900,中兴13331.txt,3641
65122:2900,中兴13331.txt,3670
65124:2900,中兴13331.txt,3680
65125:2900,中兴13331.txt,3690
65127:2900,中兴13331.txt,3700
65125:2900,中兴13331.txt,3718
65127:2900,中兴13331.txt,3726
65122:2900,中兴13331.txt,3734
65124:2900,中兴13331.txt,3742
65125:2900,中兴13331.txt,3773
65124:2900,中兴13331.txt,3784
65122:2900,中兴13331.txt,3795
65124:2900,中兴13331.txt,3806
65122:2900,中兴13331.txt,3836
65125:2900,中兴13331.txt,3847
65124:2900,中兴13331.txt,3858
65127:2900,中兴13331.txt,3869
65122:2900,中兴13331.txt,3979
65125:2900,中兴13331.txt,3989
65124:2900,中兴13331.txt,4000
65127:2900,中兴13331.txt,4011
65122:2900,中兴13331.txt,4086
65125:2900,中兴13331.txt,4096
65124:2900,中兴13331.txt,4106
65127:2900,中兴13331.txt,4116
64549:10010,中兴13480.txt,118
64549:10010,中兴13480.txt,128
64549:10010,中兴13480.txt,130
64549:1021002,中兴13480.txt,132
64549:10020,中兴13480.txt,140
64549:10020,中兴13480.txt,146
64549:10020,中兴13480.txt,148
64549:10030,中兴13480.txt,156
64549:10030,中兴13480.txt,162
64549:10030,中兴13480.txt,164
38351:21158,中兴5568.txt,40
38351:11158,中兴5568.txt,48
38351:11158,中兴5568.txt,50
38351:11158,中兴5568.txt,56
38351:11158,中兴5568.txt,58
65448:20002,中兴14674.txt,86
65448:20002,中兴14674.txt,92
65448:20002,中兴14674.txt,94
65448:20001,中兴14674.txt,102
65448:20001,中兴14674.txt,108
65448:20001,中兴14674.txt,110
65448:10001,中兴14674.txt,118
65448:10001,中兴14674.txt,124
65448:10001,中兴14674.txt,126
65448:10010,中兴14674.txt,134
65448:10010,中兴14674.txt,142
65448:1061002,中兴14674.txt,144
65448:10010,中兴14674.txt,146
65448:1061002,中兴14674.txt,148
65448:10010,中兴14674.txt,154
65448:1061002,中兴14674.txt,156
65448:10010,中兴14674.txt,158
65448:1061002,中兴14674.txt,160
65448:10020,中兴14674.txt,168
65448:10020,中兴14674.txt,174
65448:1061002,中兴14674.txt,176
65448:10020,中兴14674.txt,178
65448:1061002,中兴14674.txt,180
65448:10020,中兴14674.txt,186
65448:1061002,中兴14674.txt,188
65448:10020,中兴14674.txt,190
65448:1061002,中兴14674.txt,192
65448:10030,中兴14674.txt,200
65448:10030,中兴14674.txt,206
65448:1061002,中兴14674.txt,208
65448:10030,中兴14674.txt,210
65448:1061002,中兴14674.txt,212
65448:10030,中兴14674.txt,218
65448:1061002,中兴14674.txt,220
65448:10030,中兴14674.txt,222
65448:1061002,中兴14674.txt,224
65448:18020,中兴14674.txt,232
65448:18020,中兴14674.txt,238
65448:1061002,中兴14674.txt,240
65448:18020,中兴14674.txt,242
65448:1061002,中兴14674.txt,244
65448:18020,中兴14674.txt,250
65448:1061002,中兴14674.txt,252
65448:18020,中兴14674.txt,254
65448:1061002,中兴14674.txt,256
65448:18030,中兴14674.txt,264
65448:18030,中兴14674.txt,270
65448:1061002,中兴14674.txt,272
65448:18030,中兴14674.txt,274
65448:1061002,中兴14674.txt,276
65448:18030,中兴14674.txt,282
65448:1061002,中兴14674.txt,284
65448:18030,中兴14674.txt,286
65448:1061002,中兴14674.txt,288
65448:18040,中兴14674.txt,296
65448:18040,中兴14674.txt,302
65448:1061002,中兴14674.txt,304
65448:18040,中兴14674.txt,306
65448:1061002,中兴14674.txt,308
65448:18040,中兴14674.txt,314
65448:1061002,中兴14674.txt,316
65448:18040,中兴14674.txt,318
65448:1061002,中兴14674.txt,320
64590:18040,烽火通信1319.txt,17
64590:18040,烽火通信1319.txt,19
64590:18040,烽火通信1319.txt,21
64590:20021,烽火通信1319.txt,31
64590:20021,烽火通信1319.txt,33
64590:20021,烽火通信1319.txt,35
64590:20011,烽火通信1319.txt,45
64590:20011,烽火通信1319.txt,47
64590:20011,烽火通信1319.txt,49
64590:10030,烽火通信1319.txt,59
64590:10030,烽火通信1319.txt,61
64590:10030,烽火通信1319.txt,63
64590:10030,烽火通信1319.txt,69
64590:10030,烽火通信1319.txt,71
64590:10030,烽火通信1319.txt,73
64590:10010,烽火通信1319.txt,83
64590:10010,烽火通信1319.txt,85
64590:1037001,烽火通信1319.txt,87
64590:10010,烽火通信1319.txt,89
65346:20011,华为10133.txt,314
65346:20011,华为10133.txt,317
65346:20011,华为10133.txt,318
65346:18030,华为10133.txt,322
65346:18030,华为10133.txt,326
65346:18030,华为10133.txt,327
65346:18020,华为10133.txt,331
65346:18020,华为10133.txt,335
65346:18020,华为10133.txt,336
65346:10010,华为10133.txt,340
65346:10010,华为10133.txt,346
65346:10010,华为10133.txt,347
64500:1000,华为10133.txt,1739
65346:1015008,华为10133.txt,1896
64586:20021,中兴1580.txt,120
64586:20021,中兴1580.txt,126
64586:20021,中兴1580.txt,128
64586:20011,中兴1580.txt,136
64586:20011,中兴1580.txt,142
64586:20011,中兴1580.txt,144
64586:10030,中兴1580.txt,152
64586:10030,中兴1580.txt,160
64586:10030,中兴1580.txt,162
64586:10030,中兴1580.txt,168
64586:10030,中兴1580.txt,170
64586:10010,中兴1580.txt,178
64586:10010,中兴1580.txt,184
64586:10010,中兴1580.txt,186
64586:1019009,中兴1580.txt,188
64586:1019009,中兴1580.txt,190
65326:10010,中兴5453.txt,38
65326:10010,中兴5453.txt,46
65326:10010,中兴5453.txt,48
65326:10010,中兴5453.txt,54
65326:10010,中兴5453.txt,56
65326:10020,中兴5453.txt,64
65326:10020,中兴5453.txt,72
65326:10020,中兴5453.txt,74
65326:10020,中兴5453.txt,80
65326:10020,中兴5453.txt,82
65326:10080,中兴5453.txt,90
65326:10080,中兴5453.txt,96
65326:10080,中兴5453.txt,98
65326:2000,中兴5453.txt,106
65326:2000,中兴5453.txt,118
65326:2000,中兴5453.txt,120
64539:18030,华为583.txt,126
64539:18030,华为583.txt,130
64539:18030,华为583.txt,131
64539:18020,华为583.txt,135
64539:18020,华为583.txt,139
64539:3003004,华为583.txt,140
64539:18020,华为583.txt,141
64539:3003004,华为583.txt,142
64539:10030,华为583.txt,146
64539:10030,华为583.txt,150
64539:10030,华为583.txt,151
64539:10010,华为583.txt,155
64539:10010,华为583.txt,159
64539:1003004,华为583.txt,160
64539:10010,华为583.txt,161
64539:1003004,华为583.txt,162
64539:10020,华为583.txt,166
64539:10020,华为583.txt,170
64539:2003004,华为583.txt,171
64539:10020,华为583.txt,172
64539:2003004,华为583.txt,173
64561:100,烽火通信14362.txt,17
64561:100,烽火通信14362.txt,25
64500:1000,烽火通信14362.txt,37
64561:10030,烽火通信14362.txt,117
64561:10030,烽火通信14362.txt,119
64561:10030,烽火通信14362.txt,121
64561:10010,烽火通信14362.txt,131
64561:10010,烽火通信14362.txt,133
64561:10010,烽火通信14362.txt,135
64561:10080,烽火通信14362.txt,181
64561:10080,烽火通信14362.txt,183
64561:10080,烽火通信14362.txt,185
64581:10090,华为16350.txt,103
64581:10090,华为16350.txt,107
64581:10090,华为16350.txt,108
64581:10030,华为16350.txt,112
64581:10030,华为16350.txt,116
64581:10030,华为16350.txt,117
64581:10010,华为16350.txt,121
64581:10010,华为16350.txt,125
1007002:64581,华为16350.txt,126
64581:1007002,华为16350.txt,127
64581:10010,华为16350.txt,128
64581:10020,华为16350.txt,132
64581:10020,华为16350.txt,136
64581:10020,华为16350.txt,137
64583:10090,华三16218.txt,25
64583:10090,华三16218.txt,29
64583:10090,华三16218.txt,31
64583:10090,华三16218.txt,39
64583:10090,华三16218.txt,47
64583:10030,华三16218.txt,55
64583:10030,华三16218.txt,59
64583:10030,华三16218.txt,61
64583:10030,华三16218.txt,69
64583:10030,华三16218.txt,77
64583:10010,华三16218.txt,85
64583:10010,华三16218.txt,89
64583:10010,华三16218.txt,91
64583:1133001,华三16218.txt,91
64583:10010,华三16218.txt,102
64583:10010,华三16218.txt,110
64583:10020,华三16218.txt,118
64583:10020,华三16218.txt,122
64583:10020,华三16218.txt,124
64583:10020,华三16218.txt,132
64583:10020,华三16218.txt,140
64583:10080,华三16218.txt,151
64583:10080,华三16218.txt,155
64583:10080,华三16218.txt,157
64583:10080,华三16218.txt,163
64583:10080,华三16218.txt,171
64500:1000,华三16218.txt,1573
64583:200,华三16218.txt,1632
64583:200,华三16218.txt,1640
64572:32337,华三16218.txt,1671
64583:100,华三16218.txt,1673
64583:200,华三16218.txt,1675
65447:100,华为12490.txt,649
65447:100,华为12490.txt,675
65447:100,华为12490.txt,679
65447:100,华为12490.txt,683
65447:100,华为12490.txt,696
65447:200,华为12490.txt,697
64553:10030,华为13349.txt,140
64553:10030,华为13349.txt,146
64553:10030,华为13349.txt,147
64553:10010,华为13349.txt,151
64553:10010,华为13349.txt,157
64553:10010,华为13349.txt,158
64553:10020,华为13349.txt,162
64553:10020,华为13349.txt,168
64553:10020,华为13349.txt,169
64500:1000,华为13349.txt,1592
64553:100,华为13349.txt,1662
64553:100,华为13349.txt,1666
64553:100,华为13349.txt,1678
64553:1015001,华为13349.txt,1681
64553:2015001,华为13349.txt,1682
64553:3015001,华为13349.txt,1683
64553:1015002,华为13349.txt,1684
64553:2015002,华为13349.txt,1685
64553:3015002,华为13349.txt,1686
65447:18050,华为12492.txt,167
65447:18050,华为12492.txt,170
65447:18050,华为12492.txt,171
65447:18040,华为12492.txt,175
65447:18040,华为12492.txt,178
65447:18040,华为12492.txt,179
65447:18030,华为12492.txt,183
65447:18030,华为12492.txt,186
65447:18030,华为12492.txt,187
65447:18020,华为12492.txt,191
65447:18020,华为12492.txt,194
65447:18020,华为12492.txt,195
65447:10010,华为12492.txt,199
65447:10010,华为12492.txt,202
65447:10010,华为12492.txt,203
65447:10080,华为12492.txt,207
65447:10080,华为12492.txt,209
65447:10080,华为12492.txt,210
65447:20010,华为12492.txt,214
65447:20010,华为12492.txt,217
65447:20010,华为12492.txt,218
65447:100,华为12492.txt,1414
65447:100,华为12492.txt,1419
65447:100,华为12492.txt,1430
65447:100,华为12492.txt,1434
65447:100,华为12492.txt,1512
65447:200,华为12492.txt,1513
64583:10090,华三16227.txt,25
64583:10090,华三16227.txt,29
64583:10090,华三16227.txt,31
64583:10090,华三16227.txt,39
64583:10090,华三16227.txt,47
64583:10030,华三16227.txt,58
64583:10030,华三16227.txt,62
64583:10030,华三16227.txt,64
64583:10030,华三16227.txt,72
64583:10030,华三16227.txt,80
64583:10010,华三16227.txt,88
64583:10010,华三16227.txt,92
64583:10010,华三16227.txt,94
64583:1137001,华三16227.txt,94
64583:10010,华三16227.txt,105
64583:10010,华三16227.txt,113
64583:10020,华三16227.txt,121
64583:10020,华三16227.txt,125
64583:10020,华三16227.txt,127
64583:10020,华三16227.txt,135
64583:10020,华三16227.txt,143
64583:10080,华三16227.txt,154
64583:10080,华三16227.txt,158
64583:10080,华三16227.txt,160
64583:10080,华三16227.txt,166
64583:10080,华三16227.txt,174
64500:1000,华三16227.txt,1536
64583:200,华三16227.txt,1595
64583:200,华三16227.txt,1603
64583:3637,华三16227.txt,1634
64583:100,华三16227.txt,1636
64583:200,华三16227.txt,1638
64598:18050,华为1428.txt,140
64598:18050,华为1428.txt,144
64598:18050,华为1428.txt,145
64598:18040,华为1428.txt,149
64598:18040,华为1428.txt,153
64598:18040,华为1428.txt,154
64598:20021,华为1428.txt,158
64598:20021,华为1428.txt,163
64598:20021,华为1428.txt,164
64598:20011,华为1428.txt,168
64598:3027001,华为1428.txt,173
64598:20011,华为1428.txt,174
64598:3027002,华为1428.txt,175
64598:20011,华为1428.txt,176
64598:10030,华为1428.txt,180
64598:10030,华为1428.txt,185
64598:10030,华为1428.txt,186
64598:10010,华为1428.txt,190
64598:10010,华为1428.txt,195
64598:1027001,华为1428.txt,196
64598:1027002,华为1428.txt,197
64598:10010,华为1428.txt,198
64598:10020,华为1428.txt,202
64598:10020,华为1428.txt,207
64598:2027001,华为1428.txt,208
64598:2027002,华为1428.txt,209
64598:10020,华为1428.txt,210
64598:10080,华为1428.txt,218
64598:10080,华为1428.txt,220
64598:10080,华为1428.txt,221
64598:100,华为1428.txt,1317
64598:100,华为1428.txt,1321
64598:100,华为1428.txt,1325
64598:200,华为1428.txt,1346
64598:100,华为1428.txt,1347
64598:200,华为1428.txt,1348
64598:100,华为1428.txt,1349
64598:10000,华为1428.txt,1350
64534:18040,华为2336.txt,161
64534:18040,华为2336.txt,165
64534:18040,华为2336.txt,166
64534:18030,华为2336.txt,170
64534:18030,华为2336.txt,174
64534:18030,华为2336.txt,175
64534:18020,华为2336.txt,179
64534:18020,华为2336.txt,183
64534:1019001,华为2336.txt,184
64534:18020,华为2336.txt,185
64534:10050,华为2336.txt,189
64534:10050,华为2336.txt,193
64534:10050,华为2336.txt,194
64534:10050,华为2336.txt,196
64534:10050,华为2336.txt,200
64534:10050,华为2336.txt,201
64534:10060,华为2336.txt,205
64534:10060,华为2336.txt,209
64534:10060,华为2336.txt,210
64534:10060,华为2336.txt,212
64534:10060,华为2336.txt,216
64534:10060,华为2336.txt,217
64534:10030,华为2336.txt,221
64534:10030,华为2336.txt,226
64534:10030,华为2336.txt,227
64534:10010,华为2336.txt,231
64534:1019001,华为2336.txt,235
64534:10010,华为2336.txt,236
64534:10010,华为2336.txt,237
64534:10020,华为2336.txt,241
64534:10020,华为2336.txt,245
64534:1019001,华为2336.txt,246
64534:10020,华为2336.txt,247
64534:10040,华为2336.txt,251
64534:10040,华为2336.txt,255
64534:10040,华为2336.txt,256
64534:10040,华为2336.txt,258
64534:10040,华为2336.txt,262
64534:10040,华为2336.txt,263
65316:18020,烽火通信7719.txt,17
65316:3001003,烽火通信7719.txt,19
65316:18020,烽火通信7719.txt,21
65316:3001003,烽火通信7719.txt,23
65316:18020,烽火通信7719.txt,25
65316:10030,烽火通信7719.txt,35
65316:1001003,烽火通信7719.txt,37
65316:10030,烽火通信7719.txt,39
65316:1001003,烽火通信7719.txt,41
65316:10030,烽火通信7719.txt,43
65316:10030,烽火通信7719.txt,49
65316:1001003,烽火通信7719.txt,51
65316:10030,烽火通信7719.txt,53
65316:1001003,烽火通信7719.txt,55
65316:10030,烽火通信7719.txt,57
65316:10010,烽火通信7719.txt,67
65316:1001003,烽火通信7719.txt,69
65316:10010,烽火通信7719.txt,71
65316:1001003,烽火通信7719.txt,73
65316:10010,烽火通信7719.txt,75
65316:10010,烽火通信7719.txt,81
65316:1001003,烽火通信7719.txt,83
65316:1011003,烽火通信7719.txt,85
65316:10010,烽火通信7719.txt,87
65316:1001003,烽火通信7719.txt,89
65316:1011003,烽火通信7719.txt,91
65316:10010,烽火通信7719.txt,93
65316:10020,烽火通信7719.txt,103
65316:1001003,烽火通信7719.txt,105
65316:10020,烽火通信7719.txt,107
65316:1001003,烽火通信7719.txt,109
65316:10020,烽火通信7719.txt,111
65316:10020,烽火通信7719.txt,117
65316:1001003,烽火通信7719.txt,119
65316:10020,烽火通信7719.txt,121
65316:1001003,烽火通信7719.txt,123
65316:10020,烽火通信7719.txt,125
65373:10010,华三5559.txt,19
65373:10010,华三5559.txt,23
65373:10010,华三5559.txt,25
65373:10010,华三5559.txt,33
65373:10010,华三5559.txt,41
65379:10010,华三5571.txt,19
65379:10010,华三5571.txt,23
65379:10010,华三5571.txt,25
65379:10010,华三5571.txt,33
65379:10010,华三5571.txt,41
65434:10010,华三5366.txt,27
65434:10010,华三5366.txt,33
65434:10010,华三5366.txt,35
65434:10010,华三5366.txt,41
65434:10010,华三5366.txt,52
65434:10020,华三5366.txt,60
65434:10020,华三5366.txt,66
65434:10020,华三5366.txt,68
65434:10020,华三5366.txt,74
65434:10020,华三5366.txt,82
65246:10030,华为1174.txt,98
65246:10030,华为1174.txt,103
65246:10030,华为1174.txt,104
65246:10010,华为1174.txt,108
65246:10010,华为1174.txt,113
65246:10010,华为1174.txt,114
65246:10020,华为1174.txt,118
65246:10020,华为1174.txt,123
65246:10020,华为1174.txt,124
65461:10020,中兴865.txt,40
65461:10020,中兴865.txt,48
65461:10020,中兴865.txt,50
65461:10020,中兴865.txt,56
65461:10020,中兴865.txt,58
65461:10080,中兴865.txt,66
65461:10080,中兴865.txt,74
65461:10080,中兴865.txt,76
65461:10010,中兴865.txt,84
65461:10010,中兴865.txt,92
65461:10010,中兴865.txt,94
65461:10010,中兴865.txt,100
65461:10010,中兴865.txt,102
65461:18020,中兴865.txt,110
65461:18020,中兴865.txt,116
65461:18020,中兴865.txt,118
64591:18050,华三1248.txt,21
64591:18050,华三1248.txt,25
64591:18050,华三1248.txt,27
64591:18050,华三1248.txt,35
64591:18050,华三1248.txt,43
64591:18040,华三1248.txt,54
64591:18040,华三1248.txt,58
64591:18040,华三1248.txt,60
64591:1005001,华三1248.txt,60
64591:18040,华三1248.txt,68
64591:18040,华三1248.txt,76
64591:20021,华三1248.txt,84
64591:20021,华三1248.txt,88
64591:20021,华三1248.txt,90
64591:20021,华三1248.txt,101
64591:20021,华三1248.txt,109
64591:20011,华三1248.txt,117
64591:20011,华三1248.txt,121
64591:20011,华三1248.txt,123
64591:1005001,华三1248.txt,123
64591:20011,华三1248.txt,131
64591:20011,华三1248.txt,139
64591:10050,华三1248.txt,150
64591:10050,华三1248.txt,154
64591:10050,华三1248.txt,156
64591:10050,华三1248.txt,164
64591:10050,华三1248.txt,172
64591:10060,华三1248.txt,180
64591:10060,华三1248.txt,184
64591:10060,华三1248.txt,186
64591:10060,华三1248.txt,194
64591:10060,华三1248.txt,205
64591:10030,华三1248.txt,213
64591:10030,华三1248.txt,217
64591:10030,华三1248.txt,219
64591:10030,华三1248.txt,227
64591:10030,华三1248.txt,235
64591:10010,华三1248.txt,243
64591:10010,华三1248.txt,250
64591:1005001,华三1248.txt,252
64591:10010,华三1248.txt,252
64591:10010,华三1248.txt,260
64591:10010,华三1248.txt,268
64591:10020,华三1248.txt,276
64591:10020,华三1248.txt,280
64591:10020,华三1248.txt,282
64591:1005001,华三1248.txt,282
64591:10020,华三1248.txt,290
64591:10020,华三1248.txt,301
65422:8620104,中兴3999.txt,128
65422:4020,中兴3999.txt,134
65422:4020,中兴3999.txt,136
65422:8620102,中兴3999.txt,144
65422:2020,中兴3999.txt,150
65422:2020,中兴3999.txt,152
65422:10030,中兴3999.txt,160
65422:10030,中兴3999.txt,166
65422:10030,中兴3999.txt,168
65422:10010,中兴3999.txt,176
65422:10010,中兴3999.txt,182
65422:10010,中兴3999.txt,184
65422:10020,中兴3999.txt,192
65422:10020,中兴3999.txt,198
65422:10020,中兴3999.txt,200
65422:1099,中兴3999.txt,208
65422:8620105,中兴3999.txt,226
65422:5020,中兴3999.txt,232
65422:5020,中兴3999.txt,234
65422:8620101,中兴3999.txt,242
65422:1020,中兴3999.txt,248
65422:1020,中兴3999.txt,250
65422:8620103,中兴3999.txt,258
65422:3020,中兴3999.txt,264
65422:3020,中兴3999.txt,266
65264:10030,华三5402.txt,19
65264:10030,华三5402.txt,23
65264:10030,华三5402.txt,25
65264:10030,华三5402.txt,33
65264:10030,华三5402.txt,41
65264:10010,华三5402.txt,52
65264:10010,华三5402.txt,56
65264:10010,华三5402.txt,58
65264:10010,华三5402.txt,66
65264:10010,华三5402.txt,74
65264:10020,华三5402.txt,82
65264:10020,华三5402.txt,86
65264:10020,华三5402.txt,88
65264:10020,华三5402.txt,96
65264:10020,华三5402.txt,107
64539:18030,华为578.txt,126
64539:18030,华为578.txt,130
64539:18030,华为578.txt,131
64539:18020,华为578.txt,135
64539:18020,华为578.txt,139
64539:3003005,华为578.txt,140
64539:18020,华为578.txt,141
64539:3003005,华为578.txt,142
64539:10030,华为578.txt,146
64539:10030,华为578.txt,150
64539:10030,华为578.txt,151
64539:10010,华为578.txt,155
64539:10010,华为578.txt,159
64539:1003005,华为578.txt,160
64539:10010,华为578.txt,161
64539:1003005,华为578.txt,162
64539:10020,华为578.txt,166
64539:10020,华为578.txt,170
64539:2003005,华为578.txt,171
64539:10020,华为578.txt,172
64539:2003005,华为578.txt,173
64581:10090,华为16354.txt,240
64581:10090,华为16354.txt,244
64581:10090,华为16354.txt,245
64581:10030,华为16354.txt,250
64581:10030,华为16354.txt,254
64581:10030,华为16354.txt,255
64581:10010,华为16354.txt,259
64581:10010,华为16354.txt,263
64581:10010,华为16354.txt,264
64581:10010,华为16354.txt,266
64581:10010,华为16354.txt,272
64581:10010,华为16354.txt,273
64581:10020,华为16354.txt,277
64581:10020,华为16354.txt,280
64581:10020,华为16354.txt,281
64500:1000,华为16354.txt,1210
64581:100,华为16354.txt,1255
64581:100,华为16354.txt,1335
64581:100,华为16354.txt,1339
64581:100,华为16354.txt,1343
64574:100,华为16354.txt,1347
64581:100,华为16354.txt,1363
64581:200,华为16354.txt,1364
64581:1001001,华为16354.txt,1366
64581:1001002,华为16354.txt,1367
64534:18040,华为2318.txt,183
64534:18040,华为2318.txt,188
64534:18040,华为2318.txt,189
64534:18030,华为2318.txt,193
64534:18030,华为2318.txt,198
64534:18030,华为2318.txt,199
64534:18020,华为2318.txt,203
64534:18020,华为2318.txt,208
64534:18020,华为2318.txt,209
64534:10030,华为2318.txt,213
64534:10030,华为2318.txt,218
64534:10030,华为2318.txt,219
64534:10010,华为2318.txt,223
64534:10010,华为2318.txt,228
64534:10010,华为2318.txt,229
64534:10020,华为2318.txt,233
64534:10020,华为2318.txt,238
64534:10020,华为2318.txt,239
64534:10080,华为2318.txt,247
64534:10080,华为2318.txt,251
64534:10080,华为2318.txt,252
64500:1000,华为2318.txt,1069
64534:200,华为2318.txt,1164
64534:200,华为2318.txt,1168
64534:200,华为2318.txt,1172
64534:100,华为2318.txt,1190
64534:200,华为2318.txt,1191
64534:1001001,华为2318.txt,1192
64534:1001002,华为2318.txt,1193
64534:1001003,华为2318.txt,1194
64591:18050,华三1261.txt,25
64591:18050,华三1261.txt,29
64591:18050,华三1261.txt,31
64591:18050,华三1261.txt,39
64591:18050,华三1261.txt,47
64591:18040,华三1261.txt,58
64591:18040,华三1261.txt,62
64591:18040,华三1261.txt,64
64591:18040,华三1261.txt,72
64591:18040,华三1261.txt,80
64591:20021,华三1261.txt,88
64591:20021,华三1261.txt,92
64591:20021,华三1261.txt,94
64591:20021,华三1261.txt,105
64591:20021,华三1261.txt,113
64591:20011,华三1261.txt,121
64591:20011,华三1261.txt,125
64591:20011,华三1261.txt,127
64591:20011,华三1261.txt,135
64591:20011,华三1261.txt,143
64591:10050,华三1261.txt,154
64591:10050,华三1261.txt,158
64591:10050,华三1261.txt,160
64591:10050,华三1261.txt,168
64591:10050,华三1261.txt,176
64591:10060,华三1261.txt,184
64591:10060,华三1261.txt,188
64591:10060,华三1261.txt,190
64591:10060,华三1261.txt,201
64591:10060,华三1261.txt,209
64591:10030,华三1261.txt,217
64591:10030,华三1261.txt,221
64591:10030,华三1261.txt,223
64591:10030,华三1261.txt,231
64591:10030,华三1261.txt,239
64591:10010,华三1261.txt,250
64591:10010,华三1261.txt,254
64591:10010,华三1261.txt,256
64591:10010,华三1261.txt,264
64591:10010,华三1261.txt,272
64591:10020,华三1261.txt,280
64591:10020,华三1261.txt,284
64591:10020,华三1261.txt,286
64591:10020,华三1261.txt,297
64591:10020,华三1261.txt,305
64591:10080,华三1261.txt,313
64591:10080,华三1261.txt,315
64591:10080,华三1261.txt,317
64591:10080,华三1261.txt,323
64591:10080,华三1261.txt,331
64591:1000,华三1261.txt,4322
64591:1000,华三1261.txt,4328
64591:100,华三1261.txt,4465
64591:100,华三1261.txt,4473
64591:1000,华三1261.txt,4508
64591:100,华三1261.txt,4510
64591:200,华三1261.txt,4512
64591:1007001,华三1261.txt,4516
64591:1007002,华三1261.txt,4518
64591:1007003,华三1261.txt,4520
65384:10030,中兴12514.txt,88
65384:10030,中兴12514.txt,96
65384:10030,中兴12514.txt,98
65384:10030,中兴12514.txt,104
65384:10030,中兴12514.txt,106
65384:10010,中兴12514.txt,114
65384:10010,中兴12514.txt,122
65384:10010,中兴12514.txt,124
65384:10010,中兴12514.txt,130
65384:10010,中兴12514.txt,132
65384:1073230,中兴12514.txt,134
65384:100,中兴12514.txt,599
65384:100,中兴12514.txt,605
64553:10030,华为13358.txt,140
64553:10030,华为13358.txt,146
64553:10030,华为13358.txt,147
64553:10010,华为13358.txt,151
64553:10010,华为13358.txt,157
64553:10010,华为13358.txt,158
64553:10020,华为13358.txt,162
64553:10020,华为13358.txt,168
64553:10020,华为13358.txt,169
64500:1000,华为13358.txt,829
64553:100,华为13358.txt,915
64553:1015001,华为13358.txt,918
64553:2015001,华为13358.txt,919
64553:3015001,华为13358.txt,920
64553:1015002,华为13358.txt,921
64553:2015002,华为13358.txt,922
64553:3015002,华为13358.txt,923
64553:10030,华为13341.txt,140
64553:10030,华为13341.txt,146
64553:10030,华为13341.txt,147
64553:10010,华为13341.txt,151
64553:10010,华为13341.txt,157
64553:10010,华为13341.txt,158
64553:10020,华为13341.txt,162
64553:10020,华为13341.txt,168
64553:10020,华为13341.txt,169
64500:1000,华为13341.txt,1434
64553:100,华为13341.txt,1492
64553:100,华为13341.txt,1496
64553:100,华为13341.txt,1508
64553:1001001,华为13341.txt,1511
64553:2001001,华为13341.txt,1512
64553:3001001,华为13341.txt,1513
64601:18030,华为9491.txt,131
64601:18030,华为9491.txt,135
64601:18030,华为9491.txt,136
64601:18020,华为9491.txt,140
64601:3019002,华为9491.txt,144
64601:18020,华为9491.txt,145
64601:18020,华为9491.txt,146
64601:10030,华为9491.txt,150
64601:10030,华为9491.txt,154
64601:10030,华为9491.txt,155
64601:10010,华为9491.txt,159
64601:1019002,华为9491.txt,163
64601:10010,华为9491.txt,164
64601:10010,华为9491.txt,165
64601:10020,华为9491.txt,169
64601:2019002,华为9491.txt,173
64601:10020,华为9491.txt,174
64601:10020,华为9491.txt,175
65248:10010,中兴1172.txt,40
65248:10010,中兴1172.txt,48
65248:10010,中兴1172.txt,50
65248:10090,中兴1172.txt,58
65248:10090,中兴1172.txt,66
65248:10090,中兴1172.txt,68
65248:10080,中兴1172.txt,76
65248:10080,中兴1172.txt,82
65248:10080,中兴1172.txt,84
65334:10050,华为5491.txt,111
65334:10050,华为5491.txt,115
65334:10050,华为5491.txt,116
65334:10050,华为5491.txt,118
65334:10050,华为5491.txt,122
65334:10050,华为5491.txt,123
65334:10060,华为5491.txt,129
65334:10060,华为5491.txt,133
65334:10060,华为5491.txt,134
65334:10060,华为5491.txt,137
65334:10060,华为5491.txt,141
65334:10060,华为5491.txt,142
65334:10010,华为5491.txt,148
65334:10010,华为5491.txt,151
65334:10010,华为5491.txt,152
65334:10010,华为5491.txt,154
65334:10010,华为5491.txt,158
65334:10010,华为5491.txt,159
65334:10020,华为5491.txt,165
65334:10020,华为5491.txt,168
65334:10020,华为5491.txt,169
65334:10020,华为5491.txt,171
65334:10020,华为5491.txt,175
65334:10020,华为5491.txt,176
65334:10040,华为5491.txt,182
65334:10040,华为5491.txt,186
65334:10040,华为5491.txt,187
65334:10040,华为5491.txt,189
65334:10040,华为5491.txt,193
65334:10040,华为5491.txt,194
65334:2000,华为5491.txt,200
65334:2000,华为5491.txt,204
65334:2000,华为5491.txt,205
65334:2000,华为5491.txt,208
65334:2000,华为5491.txt,212
65334:2000,华为5491.txt,213
65334:10080,华为5491.txt,219
65334:10080,华为5491.txt,223
65334:10080,华为5491.txt,224
64533:10070,中兴2491.txt,116
64533:10070,中兴2491.txt,122
64533:10070,中兴2491.txt,124
64533:18040,中兴2491.txt,132
64533:18040,中兴2491.txt,138
64533:18040,中兴2491.txt,140
64533:18030,中兴2491.txt,148
64533:18030,中兴2491.txt,154
64533:18030,中兴2491.txt,156
64533:18020,中兴2491.txt,164
64533:18020,中兴2491.txt,170
64533:18020,中兴2491.txt,172
64533:1009001,中兴2491.txt,174
64533:10030,中兴2491.txt,182
64533:10030,中兴2491.txt,188
64533:10030,中兴2491.txt,190
64533:10010,中兴2491.txt,198
64533:10010,中兴2491.txt,204
64533:1009001,中兴2491.txt,206
64533:10010,中兴2491.txt,208
64533:1015001,中兴2491.txt,210
64533:10020,中兴2491.txt,218
64533:10020,中兴2491.txt,224
64533:1009001,中兴2491.txt,226
64533:10020,中兴2491.txt,228
64533:10080,中兴2491.txt,236
64533:10080,中兴2491.txt,242
64533:10080,中兴2491.txt,244
64543:4790400,烽火通信785.txt,17
64543:4790400,烽火通信785.txt,19
64543:4790400,烽火通信785.txt,21
64543:3009010,烽火通信785.txt,31
64543:4790200,烽火通信785.txt,33
64543:3009010,烽火通信785.txt,35
64543:4790200,烽火通信785.txt,37
64543:4790200,烽火通信785.txt,39
64543:10030,烽火通信785.txt,49
64543:10030,烽火通信785.txt,51
64543:10030,烽火通信785.txt,53
64543:10010,烽火通信785.txt,63
64543:1009010,烽火通信785.txt,65
64543:10010,烽火通信785.txt,67
64543:1009010,烽火通信785.txt,69
64543:10010,烽火通信785.txt,71
64543:10020,烽火通信785.txt,81
64543:2009010,烽火通信785.txt,83
64543:10020,烽火通信785.txt,85
64543:2009010,烽火通信785.txt,87
64543:10020,烽火通信785.txt,89
64543:4790400,烽火通信791.txt,18
64543:4790400,烽火通信791.txt,20
64543:4790400,烽火通信791.txt,22
64543:3001005,烽火通信791.txt,32
64543:4790200,烽火通信791.txt,34
64543:3001005,烽火通信791.txt,36
64543:4790200,烽火通信791.txt,38
64543:4790200,烽火通信791.txt,40
64543:10030,烽火通信791.txt,50
64543:10030,烽火通信791.txt,52
64543:10030,烽火通信791.txt,54
64543:10010,烽火通信791.txt,64
64543:1001005,烽火通信791.txt,66
64543:10010,烽火通信791.txt,68
64543:1001005,烽火通信791.txt,70
64543:10010,烽火通信791.txt,72
64543:10020,烽火通信791.txt,82
64543:2001005,烽火通信791.txt,84
64543:10020,烽火通信791.txt,86
64543:2001005,烽火通信791.txt,88
64543:10020,烽火通信791.txt,90
64586:20021,中兴1577.txt,110
64586:20021,中兴1577.txt,116
64586:20021,中兴1577.txt,118
64586:20011,中兴1577.txt,126
64586:20011,中兴1577.txt,132
64586:20011,中兴1577.txt,134
64586:10030,中兴1577.txt,142
64586:10030,中兴1577.txt,150
64586:10030,中兴1577.txt,152
64586:10030,中兴1577.txt,158
64586:10030,中兴1577.txt,160
64586:10010,中兴1577.txt,168
64586:10010,中兴1577.txt,174
64586:10010,中兴1577.txt,176
64586:1019004,中兴1577.txt,178
64586:1019004,中兴1577.txt,180
64601:18030,华为9486.txt,131
64601:18030,华为9486.txt,135
64601:18030,华为9486.txt,136
64601:18020,华为9486.txt,140
64601:3019002,华为9486.txt,144
64601:18020,华为9486.txt,145
64601:18020,华为9486.txt,146
64601:10030,华为9486.txt,150
64601:10030,华为9486.txt,154
64601:10030,华为9486.txt,155
64601:10010,华为9486.txt,159
64601:1019002,华为9486.txt,163
64601:10010,华为9486.txt,164
64601:10010,华为9486.txt,165
64601:10020,华为9486.txt,169
64601:2019002,华为9486.txt,173
64601:10020,华为9486.txt,174
64601:10020,华为9486.txt,175
65316:10030,华三7805.txt,23
65316:10030,华三7805.txt,27
65316:10030,华三7805.txt,29
65316:10030,华三7805.txt,37
65316:10030,华三7805.txt,45
65316:10010,华三7805.txt,56
65316:10010,华三7805.txt,60
65316:10010,华三7805.txt,62
65316:10010,华三7805.txt,70
65316:10010,华三7805.txt,78
65316:10020,华三7805.txt,86
65316:10020,华三7805.txt,90
65316:10020,华三7805.txt,92
65316:10020,华三7805.txt,103
65316:10020,华三7805.txt,111
64500:1000,华三7805.txt,1168
65316:1015001,华三7805.txt,1370
65316:2015001,华三7805.txt,1375
65248:10010,中兴1171.txt,40
65248:10010,中兴1171.txt,48
65248:10010,中兴1171.txt,50
65248:10090,中兴1171.txt,58
65248:10090,中兴1171.txt,66
65248:10090,中兴1171.txt,68
65248:10080,中兴1171.txt,76
65248:10080,中兴1171.txt,82
65248:10080,中兴1171.txt,84
65334:10050,华为5492.txt,87
65334:10050,华为5492.txt,91
65334:10050,华为5492.txt,92
65334:10050,华为5492.txt,94
65334:10050,华为5492.txt,98
65334:10050,华为5492.txt,99
65334:10060,华为5492.txt,105
65334:10060,华为5492.txt,109
65334:10060,华为5492.txt,110
65334:10060,华为5492.txt,113
65334:10060,华为5492.txt,117
65334:10060,华为5492.txt,118
65334:10010,华为5492.txt,124
65334:10010,华为5492.txt,127
65334:10010,华为5492.txt,128
65334:10010,华为5492.txt,130
65334:10010,华为5492.txt,134
65334:10010,华为5492.txt,135
65334:10020,华为5492.txt,141
65334:10020,华为5492.txt,144
65334:10020,华为5492.txt,145
65334:10020,华为5492.txt,147
65334:10020,华为5492.txt,151
65334:10020,华为5492.txt,152
65334:10040,华为5492.txt,158
65334:10040,华为5492.txt,162
65334:10040,华为5492.txt,163
65334:10040,华为5492.txt,165
65334:10040,华为5492.txt,169
65334:10040,华为5492.txt,170
65334:2000,华为5492.txt,176
65334:2000,华为5492.txt,180
65334:2000,华为5492.txt,181
65334:2000,华为5492.txt,184
65334:2000,华为5492.txt,188
65334:2000,华为5492.txt,189
65334:10080,华为5492.txt,195
65334:10080,华为5492.txt,199
65334:10080,华为5492.txt,200
65442:10010,华三5380.txt,23
65442:10010,华三5380.txt,29
65442:10010,华三5380.txt,31
65442:10010,华三5380.txt,37
65442:10010,华三5380.txt,45
65442:10020,华三5380.txt,56
65442:10020,华三5380.txt,62
65442:10020,华三5380.txt,64
65442:10020,华三5380.txt,70
65442:10020,华三5380.txt,78
64520:10010,中兴6385.txt,40
64520:10010,中兴6385.txt,48
64520:10010,中兴6385.txt,50
64520:10010,中兴6385.txt,56
64520:10010,中兴6385.txt,58
64520:10020,中兴6385.txt,66
64520:10020,中兴6385.txt,74
64520:10020,中兴6385.txt,76
64520:10020,中兴6385.txt,82
64520:10020,中兴6385.txt,84
64520:10030,中兴6385.txt,92
64520:10030,中兴6385.txt,100
64520:10030,中兴6385.txt,102
64520:10030,中兴6385.txt,108
64520:10030,中兴6385.txt,110
64520:10050,中兴6385.txt,118
64520:10050,中兴6385.txt,126
64520:10050,中兴6385.txt,128
64520:10050,中兴6385.txt,134
64520:10050,中兴6385.txt,136
64520:10040,中兴6385.txt,144
64520:10040,中兴6385.txt,152
64520:10040,中兴6385.txt,154
64520:10040,中兴6385.txt,160
64520:10040,中兴6385.txt,162
64520:10080,中兴6385.txt,170
64520:10080,中兴6385.txt,176
64520:10080,中兴6385.txt,178
64520:18030,中兴6385.txt,186
64520:18030,中兴6385.txt,192
64520:18030,中兴6385.txt,194
64520:18020,中兴6385.txt,202
64520:18020,中兴6385.txt,208
64520:18020,中兴6385.txt,210
64520:18040,中兴6385.txt,218
64520:18040,中兴6385.txt,224
64520:18040,中兴6385.txt,226
64500:1000,中兴6385.txt,852
64500:1000,中兴6385.txt,899
64500:1000,中兴6385.txt,990
64520:1001001,中兴6385.txt,1199
64520:1001002,中兴6385.txt,1201
64534:18040,华三2377.txt,19
64534:18040,华三2377.txt,23
64534:18040,华三2377.txt,25
64534:18040,华三2377.txt,33
64534:18040,华三2377.txt,41
64534:18030,华三2377.txt,52
64534:18030,华三2377.txt,56
64534:18030,华三2377.txt,58
64534:18030,华三2377.txt,66
64534:18030,华三2377.txt,74
64534:18020,华三2377.txt,82
64534:18020,华三2377.txt,86
64534:18020,华三2377.txt,88
64534:1029001,华三2377.txt,88
64534:18020,华三2377.txt,96
64534:18020,华三2377.txt,107
64534:10030,华三2377.txt,115
64534:10030,华三2377.txt,119
64534:10030,华三2377.txt,121
64534:10030,华三2377.txt,129
64534:10030,华三2377.txt,137
64534:10010,华三2377.txt,145
64534:10010,华三2377.txt,152
64534:10010,华三2377.txt,154
64534:1029001,华三2377.txt,154
64534:10010,华三2377.txt,162
64534:10010,华三2377.txt,170
64534:10020,华三2377.txt,178
64534:10020,华三2377.txt,182
64534:10020,华三2377.txt,184
64534:1029001,华三2377.txt,184
64534:10020,华三2377.txt,192
64534:10020,华三2377.txt,203
65326:10010,中兴5458.txt,52
65326:10010,中兴5458.txt,60
65326:10010,中兴5458.txt,62
65326:10010,中兴5458.txt,68
65326:10010,中兴5458.txt,70
65326:10020,中兴5458.txt,78
65326:10020,中兴5458.txt,86
65326:10020,中兴5458.txt,88
65326:10020,中兴5458.txt,94
65326:10020,中兴5458.txt,96
65326:10080,中兴5458.txt,104
65326:10080,中兴5458.txt,110
65326:10080,中兴5458.txt,112
65326:2000,中兴5458.txt,120
65326:2000,中兴5458.txt,132
65326:2000,中兴5458.txt,134
64533:10070,中兴2479.txt,40
64533:10070,中兴2479.txt,46
64533:10070,中兴2479.txt,48
64533:18040,中兴2479.txt,56
64533:18040,中兴2479.txt,62
64533:18040,中兴2479.txt,64
64533:18030,中兴2479.txt,72
64533:18030,中兴2479.txt,78
64533:18030,中兴2479.txt,80
64533:18020,中兴2479.txt,88
64533:18020,中兴2479.txt,94
64533:18020,中兴2479.txt,96
64533:10030,中兴2479.txt,104
64533:10030,中兴2479.txt,110
64533:10030,中兴2479.txt,112
64533:10010,中兴2479.txt,120
64533:10010,中兴2479.txt,126
64533:10010,中兴2479.txt,128
64533:10020,中兴2479.txt,136
64533:10020,中兴2479.txt,142
64533:10020,中兴2479.txt,144
64533:10080,中兴2479.txt,152
64533:10080,中兴2479.txt,158
64533:10080,中兴2479.txt,160
64500:1000,中兴2479.txt,625
64500:1000,中兴2479.txt,631
64500:1000,中兴2479.txt,750
64533:1017001,中兴2479.txt,927
64553:10030,华为13357.txt,140
64553:10030,华为13357.txt,146
64553:10030,华为13357.txt,147
64553:10010,华为13357.txt,151
64553:10010,华为13357.txt,157
64553:10010,华为13357.txt,158
64553:10020,华为13357.txt,162
64553:10020,华为13357.txt,168
64553:10020,华为13357.txt,169
64500:1000,华为13357.txt,1198
64553:100,华为13357.txt,1308
64553:1017001,华为13357.txt,1311
64553:2017001,华为13357.txt,1312
64553:3017001,华为13357.txt,1313
64553:1017002,华为13357.txt,1314
64553:2017002,华为13357.txt,1315
64553:3017002,华为13357.txt,1316
64553:1017003,华为13357.txt,1317
64553:2017003,华为13357.txt,1318
64553:3017003,华为13357.txt,1319
64553:1017004,华为13357.txt,1320
64553:2017004,华为13357.txt,1321
64553:3017004,华为13357.txt,1322
64520:18040,中兴6394.txt,106
64520:18040,中兴6394.txt,112
64520:18040,中兴6394.txt,114
64520:18030,中兴6394.txt,122
64520:18030,中兴6394.txt,128
64520:18030,中兴6394.txt,130
64520:18020,中兴6394.txt,138
64520:18020,中兴6394.txt,144
64520:18020,中兴6394.txt,146
64520:10050,中兴6394.txt,154
64520:10050,中兴6394.txt,162
64520:10050,中兴6394.txt,164
64520:10050,中兴6394.txt,170
64520:10050,中兴6394.txt,172
64520:10030,中兴6394.txt,180
64520:10030,中兴6394.txt,188
64520:10030,中兴6394.txt,190
64520:10030,中兴6394.txt,196
64520:10030,中兴6394.txt,198
64520:10010,中兴6394.txt,206
64520:10010,中兴6394.txt,214
64520:10010,中兴6394.txt,216
64520:1037001,中兴6394.txt,218
64520:10010,中兴6394.txt,224
64520:10010,中兴6394.txt,226
64520:1037001,中兴6394.txt,228
64520:10020,中兴6394.txt,236
64520:10020,中兴6394.txt,244
64520:10020,中兴6394.txt,246
64520:1037001,中兴6394.txt,248
64520:10020,中兴6394.txt,254
64520:10020,中兴6394.txt,256
64520:1037001,中兴6394.txt,258
64520:10040,中兴6394.txt,266
64520:10040,中兴6394.txt,274
64520:10040,中兴6394.txt,276
64520:10040,中兴6394.txt,282
64520:10040,中兴6394.txt,284
64585:18050,思科1736.txt,205
64585:18050,思科1736.txt,211
64585:18040,思科1736.txt,225
64585:18040,思科1736.txt,231
64585:20021,思科1736.txt,245
64585:20021,思科1736.txt,251
64585:20011,思科1736.txt,265
64585:20011,思科1736.txt,271
64585:10030,思科1736.txt,285
64585:10030,思科1736.txt,291
64585:10010,思科1736.txt,305
64585:10010,思科1736.txt,311
64585:10080,思科1736.txt,325
64585:10080,思科1736.txt,331
64585:9999,思科1736.txt,2306
64585:1111,思科1736.txt,2314
64585:1000,思科1736.txt,2322
64585:1120101,思科1736.txt,2396
64585:1120102,思科1736.txt,2414
64585:1120103,思科1736.txt,2432
64585:1120104,思科1736.txt,2450
64585:1120106,思科1736.txt,2468
64585:1120107,思科1736.txt,2486
64585:1120108,思科1736.txt,2504
64585:1120109,思科1736.txt,2522
64585:1120110,思科1736.txt,2540
64585:18050,思科1736.txt,4269
64585:18040,思科1736.txt,4286
64585:20021,思科1736.txt,4303
64585:20011,思科1736.txt,4327
64585:10030,思科1736.txt,4367
64585:10010,思科1736.txt,4384
64585:10080,思科1736.txt,4403
65254:10030,华三5409.txt,19
65254:10030,华三5409.txt,23
65254:10030,华三5409.txt,25
65254:10030,华三5409.txt,33
65254:10030,华三5409.txt,41
65254:10010,华三5409.txt,52
65254:10010,华三5409.txt,56
65254:10010,华三5409.txt,58
65254:10010,华三5409.txt,66
65254:10010,华三5409.txt,74
65254:10020,华三5409.txt,82
65254:10020,华三5409.txt,86
65254:10020,华三5409.txt,88
65254:10020,华三5409.txt,96
65254:10020,华三5409.txt,107
65422:10010,中兴3979.txt,40
65422:10010,中兴3979.txt,46
65422:10010,中兴3979.txt,48
65422:10020,中兴3979.txt,56
65422:10020,中兴3979.txt,62
65422:10020,中兴3979.txt,64
65422:10030,中兴3979.txt,72
65422:10030,中兴3979.txt,78
65422:10030,中兴3979.txt,80
65422:11152,中兴3979.txt,88
65422:11152,中兴3979.txt,96
65422:11152,中兴3979.txt,98
65422:11152,中兴3979.txt,104
65422:11152,中兴3979.txt,106
65422:11154,中兴3979.txt,114
65422:11154,中兴3979.txt,122
65422:11154,中兴3979.txt,124
65422:11154,中兴3979.txt,130
65422:11154,中兴3979.txt,132
65422:10080,中兴3979.txt,140
65422:10080,中兴3979.txt,146
65422:10080,中兴3979.txt,148
65422:8620109,中兴3979.txt,156
65422:9000,中兴3979.txt,164
65422:9000,中兴3979.txt,166
65422:9000,中兴3979.txt,172
65422:9000,中兴3979.txt,174
65422:8620108,中兴3979.txt,182
65422:8000,中兴3979.txt,188
65422:8000,中兴3979.txt,190
65422:8620101,中兴3979.txt,198
65422:1020,中兴3979.txt,204
65422:1020,中兴3979.txt,206
65422:8620102,中兴3979.txt,214
65422:2020,中兴3979.txt,220
65422:2020,中兴3979.txt,222
65422:8620103,中兴3979.txt,230
65422:3020,中兴3979.txt,236
65422:3020,中兴3979.txt,238
65422:8620104,中兴3979.txt,246
65422:4020,中兴3979.txt,252
65422:4020,中兴3979.txt,254
65422:8620105,中兴3979.txt,262
65422:5020,中兴3979.txt,268
65422:5020,中兴3979.txt,270
65422:1099,中兴3979.txt,278
65422:8620107,中兴3979.txt,296
65422:7000,中兴3979.txt,304
65422:7000,中兴3979.txt,306
65384:10030,中兴12522.txt,106
65384:10030,中兴12522.txt,114
65384:10030,中兴12522.txt,116
65384:10030,中兴12522.txt,122
65384:10030,中兴12522.txt,124
65384:10010,中兴12522.txt,132
65384:10010,中兴12522.txt,140
65384:10010,中兴12522.txt,142
65384:10010,中兴12522.txt,148
65384:10010,中兴12522.txt,150
65384:1065211,中兴12522.txt,152
65384:100,中兴12522.txt,468
65384:100,中兴12522.txt,474
65244:10050,华为1180.txt,96
65244:10050,华为1180.txt,101
65244:10050,华为1180.txt,102
65244:10050,华为1180.txt,104
65244:10050,华为1180.txt,109
65244:10050,华为1180.txt,110
65244:10030,华为1180.txt,114
65244:10030,华为1180.txt,119
65244:10030,华为1180.txt,120
65244:10010,华为1180.txt,124
65244:10010,华为1180.txt,129
65244:10010,华为1180.txt,130
65244:10020,华为1180.txt,134
65244:10020,华为1180.txt,139
65244:10020,华为1180.txt,140
65244:10040,华为1180.txt,144
65244:10040,华为1180.txt,149
65244:10040,华为1180.txt,150
65244:10040,华为1180.txt,152
65244:10040,华为1180.txt,157
65244:10040,华为1180.txt,158
65244:20000,华为1180.txt,162
65244:20000,华为1180.txt,167
65244:20000,华为1180.txt,168
64561:100,烽火通信14352.txt,17
64561:100,烽火通信14352.txt,25
64500:1000,烽火通信14352.txt,31
64561:10030,烽火通信14352.txt,101
64561:10030,烽火通信14352.txt,103
64561:10030,烽火通信14352.txt,105
64561:10010,烽火通信14352.txt,115
64561:10010,烽火通信14352.txt,117
64561:10010,烽火通信14352.txt,119
64585:20011,思科1721.txt,205
64585:20011,思科1721.txt,211
64585:10030,思科1721.txt,225
64585:10030,思科1721.txt,231
64585:10010,思科1721.txt,245
64585:10010,思科1721.txt,251
64585:9999,思科1721.txt,2198
64585:20011,思科1721.txt,2463
64585:10030,思科1721.txt,2479
64585:10010,思科1721.txt,2491
64598:18050,华为1426.txt,150
64598:18050,华为1426.txt,154
64598:18050,华为1426.txt,155
64598:18040,华为1426.txt,159
64598:18040,华为1426.txt,163
64598:18040,华为1426.txt,164
64598:20021,华为1426.txt,168
64598:20021,华为1426.txt,173
64598:20021,华为1426.txt,174
64598:20011,华为1426.txt,178
64598:3019001,华为1426.txt,183
64598:20011,华为1426.txt,184
64598:3019002,华为1426.txt,185
64598:20011,华为1426.txt,186
64598:10050,华为1426.txt,190
64598:10050,华为1426.txt,193
64598:10050,华为1426.txt,194
64598:10060,华为1426.txt,198
64598:10060,华为1426.txt,203
64598:10060,华为1426.txt,204
64598:10030,华为1426.txt,208
64598:10030,华为1426.txt,213
64598:10030,华为1426.txt,214
64598:10010,华为1426.txt,218
64598:10010,华为1426.txt,223
64598:1019001,华为1426.txt,224
64598:1019002,华为1426.txt,225
64598:10010,华为1426.txt,226
64598:10020,华为1426.txt,230
64598:10020,华为1426.txt,235
64598:2019001,华为1426.txt,236
64598:2019002,华为1426.txt,237
64598:10020,华为1426.txt,238
64598:10040,华为1426.txt,242
64598:10040,华为1426.txt,247
64598:10040,华为1426.txt,248
64598:10080,华为1426.txt,256
64598:10080,华为1426.txt,258
64598:10080,华为1426.txt,259
64598:100,华为1426.txt,1876
64598:100,华为1426.txt,1880
64598:100,华为1426.txt,1884
64598:200,华为1426.txt,1907
64598:100,华为1426.txt,1908
64598:200,华为1426.txt,1909
64598:100,华为1426.txt,1910
64598:10000,华为1426.txt,1911
65316:10030,华三7745.txt,19
65316:10030,华三7745.txt,23
65316:10030,华三7745.txt,25
65316:10030,华三7745.txt,33
65316:10030,华三7745.txt,41
65316:10010,华三7745.txt,52
65316:10010,华三7745.txt,56
65316:1011003,华三7745.txt,56
65316:10010,华三7745.txt,58
65316:1011001,华三7745.txt,58
65316:1011003,华三7745.txt,58
65316:10010,华三7745.txt,66
65316:10010,华三7745.txt,74
65316:10020,华三7745.txt,82
65316:10020,华三7745.txt,86
65316:10020,华三7745.txt,88
65316:2011001,华三7745.txt,88
65316:10020,华三7745.txt,96
65316:10020,华三7745.txt,107
65484:10000,中兴8.txt,41
65484:10000,中兴8.txt,47
65484:10000,中兴8.txt,49
65484:21158,中兴8.txt,57
65484:11158,中兴8.txt,63
65484:11158,中兴8.txt,65
65484:21524,中兴8.txt,73
65484:11524,中兴8.txt,79
65484:11524,中兴8.txt,81
65484:21159,中兴8.txt,89
65484:11159,中兴8.txt,95
65484:11159,中兴8.txt,97
65484:248611,中兴8.txt,105
65484:248610,中兴8.txt,111
65484:248610,中兴8.txt,113
65484:20010,中兴8.txt,122
65484:10010,中兴8.txt,128
65484:10010,中兴8.txt,130
65484:21000,中兴8.txt,139
65484:11000,中兴8.txt,145
65484:11000,中兴8.txt,147
65449:18040,华为853.txt,236
65449:18040,华为853.txt,241
65449:18040,华为853.txt,242
65449:18030,华为853.txt,246
65449:18030,华为853.txt,251
65449:18030,华为853.txt,252
65449:18020,华为853.txt,256
65449:18020,华为853.txt,261
65449:18020,华为853.txt,262
65449:10030,华为853.txt,266
65449:10030,华为853.txt,271
65449:10030,华为853.txt,272
65449:10010,华为853.txt,276
65449:10010,华为853.txt,281
65449:10010,华为853.txt,282
65449:10080,华为853.txt,286
65449:10080,华为853.txt,291
65449:10080,华为853.txt,292
64500:1000,华为853.txt,1074
65449:101,华为853.txt,1186
65449:101,华为853.txt,1190
65449:100,华为853.txt,1202
65449:200,华为853.txt,1203
65449:1015001,华为853.txt,1204
65449:3015001,华为853.txt,1205
65449:1015001,华为853.txt,1206
65449:1015003,华为853.txt,1207
65449:1015025,华为853.txt,1208
65448:18040,华为14854.txt,128
65448:18040,华为14854.txt,132
65448:18040,华为14854.txt,133
65448:18030,华为14854.txt,138
65448:18030,华为14854.txt,142
65448:18030,华为14854.txt,143
65448:18020,华为14854.txt,148
65448:18020,华为14854.txt,152
65448:1013011,华为14854.txt,153
65448:18020,华为14854.txt,154
65448:10030,华为14854.txt,159
65448:10030,华为14854.txt,163
65448:10030,华为14854.txt,164
65448:10030,华为14854.txt,166
65448:10030,华为14854.txt,170
65448:10030,华为14854.txt,171
65448:10010,华为14854.txt,176
65448:10010,华为14854.txt,180
65448:1013011,华为14854.txt,181
65448:10010,华为14854.txt,182
65448:10010,华为14854.txt,184
65448:10010,华为14854.txt,188
65448:1013011,华为14854.txt,189
65448:10010,华为14854.txt,190
65448:10020,华为14854.txt,195
65448:10020,华为14854.txt,199
65448:1013011,华为14854.txt,200
65448:10020,华为14854.txt,201
65448:10020,华为14854.txt,203
65448:10020,华为14854.txt,207
65448:1013011,华为14854.txt,208
65448:10020,华为14854.txt,209
65448:50000,华为14854.txt,214
65448:50000,华为14854.txt,218
65448:50000,华为14854.txt,220
65448:40000,华为14854.txt,225
65448:40000,华为14854.txt,229
65448:40000,华为14854.txt,231
65448:20002,华为14854.txt,236
65448:20002,华为14854.txt,240
65448:20002,华为14854.txt,241
65448:20001,华为14854.txt,246
65448:20001,华为14854.txt,250
65448:20001,华为14854.txt,251
65448:60001,华为14854.txt,256
65448:60001,华为14854.txt,260
65448:60001,华为14854.txt,262
65448:10000,华为14854.txt,267
65448:10000,华为14854.txt,271
65448:10000,华为14854.txt,272
65444:10010,中兴5388.txt,40
65444:10010,中兴5388.txt,48
65444:10010,中兴5388.txt,50
65444:10020,中兴5388.txt,58
65444:10020,中兴5388.txt,66
65444:10020,中兴5388.txt,68
65444:10050,中兴5388.txt,76
65444:10050,中兴5388.txt,84
65444:10050,中兴5388.txt,86
65444:10050,中兴5388.txt,92
65444:10050,中兴5388.txt,94
65444:10060,中兴5388.txt,102
65444:10060,中兴5388.txt,110
65444:10060,中兴5388.txt,112
65444:10060,中兴5388.txt,118
65444:10060,中兴5388.txt,120
65414:8620104,华为4277.txt,242
65414:4020,华为4277.txt,246
65414:4020,华为4277.txt,247
65414:8620102,华为4277.txt,251
65414:2020,华为4277.txt,255
65414:2020,华为4277.txt,256
65414:1099,华为4277.txt,260
65414:8620105,华为4277.txt,269
65414:5020,华为4277.txt,273
65414:5020,华为4277.txt,274
65414:8620101,华为4277.txt,278
65414:1020,华为4277.txt,282
65414:1020,华为4277.txt,283
65414:8620402,华为4277.txt,287
65414:2040,华为4277.txt,291
65414:2040,华为4277.txt,292
65414:100,华为4277.txt,2504
65414:100,华为4277.txt,2545
65414:100,华为4277.txt,2549
65414:100,华为4277.txt,2553
65414:100,华为4277.txt,2594
65414:200,华为4277.txt,2595
65245:10010,华三1178.txt,19
65245:10010,华三1178.txt,21
65245:10010,华三1178.txt,23
65245:10010,华三1178.txt,29
65245:10010,华三1178.txt,35
65245:10020,华三1178.txt,41
65245:10020,华三1178.txt,43
65245:10020,华三1178.txt,45
65245:10020,华三1178.txt,54
65245:10020,华三1178.txt,60
64582:10030,中兴16127.txt,98
64582:10030,中兴16127.txt,106
64582:10030,中兴16127.txt,108
64582:10030,中兴16127.txt,114
64582:10030,中兴16127.txt,116
64582:10010,中兴16127.txt,124
64582:10010,中兴16127.txt,132
64582:10010,中兴16127.txt,134
64582:1123003,中兴16127.txt,136
64582:1123003,中兴16127.txt,138
64582:10010,中兴16127.txt,144
64582:10010,中兴16127.txt,146
64582:1123003,中兴16127.txt,148
64582:1123003,中兴16127.txt,150
64582:1003003,中兴16127.txt,152
64582:10020,中兴16127.txt,160
64582:10020,中兴16127.txt,168
64582:10020,中兴16127.txt,170
64582:10020,中兴16127.txt,176
64582:10020,中兴16127.txt,178
64582:10090,中兴16127.txt,186
64582:10090,中兴16127.txt,192
64582:10090,中兴16127.txt,194
64500:1000,烽火通信6730.txt,69
64523:204090,烽火通信6730.txt,121
64523:204090,烽火通信6730.txt,123
64523:204090,烽火通信6730.txt,125
64523:10030,烽火通信6730.txt,135
64523:10030,烽火通信6730.txt,137
64523:1019001,烽火通信6730.txt,139
64523:10010,烽火通信6730.txt,149
64523:10010,烽火通信6730.txt,151
64523:10010,烽火通信6730.txt,153
64523:10010,烽火通信6730.txt,159
64523:10010,烽火通信6730.txt,161
64523:10010,烽火通信6730.txt,163
64523:204060,烽火通信6730.txt,181
64523:204060,烽火通信6730.txt,183
64523:204060,烽火通信6730.txt,185
64523:1027001,烽火通信6730.txt,2001
64523:101,烽火通信6730.txt,2003
65235:153090,华为16111.txt,152
65235:253090,华为16111.txt,156
65235:253090,华为16111.txt,157
65235:11152,华为16111.txt,161
65235:11152,华为16111.txt,165
65235:11152,华为16111.txt,166
65235:11152,华为16111.txt,168
65235:11152,华为16111.txt,172
65235:11152,华为16111.txt,173
38351:12046,华为16111.txt,177
38351:12046,华为16111.txt,181
38351:12046,华为16111.txt,182
38351:11158,华为16111.txt,186
38351:11158,华为16111.txt,190
38351:11158,华为16111.txt,191
38351:21159,华为16111.txt,195
38351:11159,华为16111.txt,199
38351:11159,华为16111.txt,200
65235:11010,华为16111.txt,204
65235:11010,华为16111.txt,208
65235:11010,华为16111.txt,209
65235:11010,华为16111.txt,211
65235:11010,华为16111.txt,215
65235:11010,华为16111.txt,216
65235:10080,华为16111.txt,220
65235:10080,华为16111.txt,222
65235:10080,华为16111.txt,223
65235:11056,华为16111.txt,227
65235:11056,华为16111.txt,231
65235:11056,华为16111.txt,232
65235:100,华为16111.txt,1711
65235:100,华为16111.txt,1716
65235:100,华为16111.txt,1823
65235:100,华为16111.txt,1827
65412:100,华为16111.txt,2002
65412:200,华为16111.txt,2003
65345:18030,烽火通信12220.txt,20
65345:18030,烽火通信12220.txt,24
65345:18030,烽火通信12220.txt,26
65345:18020,烽火通信12220.txt,36
65345:3011006,烽火通信12220.txt,38
65345:18020,烽火通信12220.txt,40
65345:3011006,烽火通信12220.txt,42
65345:18020,烽火通信12220.txt,44
65345:10010,烽火通信12220.txt,54
65345:1011006,烽火通信12220.txt,56
65345:10010,烽火通信12220.txt,58
65345:1011006,烽火通信12220.txt,60
65345:10010,烽火通信12220.txt,62
64549:10010,中兴13473.txt,72
64549:10010,中兴13473.txt,82
64549:10010,中兴13473.txt,84
64549:10020,中兴13473.txt,92
64549:10020,中兴13473.txt,98
64549:10020,中兴13473.txt,100
64549:10030,中兴13473.txt,108
64549:10030,中兴13473.txt,114
64549:10030,中兴13473.txt,116
64500:1000,中兴13473.txt,1814
64549:10030,中兴13473.txt,1820
64549:10010,中兴13473.txt,1826
64549:10020,中兴13473.txt,1832
64549:10010,中兴13473.txt,1954
64549:10020,中兴13473.txt,1956
64549:10030,中兴13473.txt,1958
64500:1000,中兴13473.txt,1966
65496:10050,华为16107.txt,149
65496:10050,华为16107.txt,154
65496:10050,华为16107.txt,155
65496:10050,华为16107.txt,157
65496:10050,华为16107.txt,162
65496:10050,华为16107.txt,163
65496:10060,华为16107.txt,168
65496:10060,华为16107.txt,173
65496:10060,华为16107.txt,174
65496:10010,华为16107.txt,178
65496:10010,华为16107.txt,182
65496:10010,华为16107.txt,183
65496:10010,华为16107.txt,185
65496:10010,华为16107.txt,189
65496:10010,华为16107.txt,190
65496:250060,华为16107.txt,195
65496:250060,华为16107.txt,200
65496:250060,华为16107.txt,201
65496:250060,华为16107.txt,203
65496:250060,华为16107.txt,208
65496:250060,华为16107.txt,209
65496:10080,华为16107.txt,213
65496:10080,华为16107.txt,215
65496:10080,华为16107.txt,216
65400:10010,华三13309.txt,23
65400:10010,华三13309.txt,27
65400:10010,华三13309.txt,29
65400:10010,华三13309.txt,37
65400:10010,华三13309.txt,45
65400:10080,华三13309.txt,56
65400:10080,华三13309.txt,60
65400:10080,华三13309.txt,62
65400:10080,华三13309.txt,70
65400:10080,华三13309.txt,78
65235:253090,华为16112.txt,138
65235:253090,华为16112.txt,142
65235:253090,华为16112.txt,143
65235:21152,华为16112.txt,147
65235:11152,华为16112.txt,151
65235:11152,华为16112.txt,152
65235:21152,华为16112.txt,154
65235:11152,华为16112.txt,158
65235:11152,华为16112.txt,159
38351:22046,华为16112.txt,163
38351:12046,华为16112.txt,167
38351:12046,华为16112.txt,168
38351:21158,华为16112.txt,172
38351:11158,华为16112.txt,176
38351:11158,华为16112.txt,177
38351:21159,华为16112.txt,181
38351:11159,华为16112.txt,185
38351:11159,华为16112.txt,186
65235:21010,华为16112.txt,190
65235:11010,华为16112.txt,194
65235:11010,华为16112.txt,195
65235:21010,华为16112.txt,197
65235:11010,华为16112.txt,201
65235:11010,华为16112.txt,202
38351:10080,华为16112.txt,206
38351:10080,华为16112.txt,208
38351:10080,华为16112.txt,209
65235:21056,华为16112.txt,213
65235:11056,华为16112.txt,215
65235:11056,华为16112.txt,216
65235:200,华为16112.txt,1686
65235:200,华为16112.txt,1795
65235:200,华为16112.txt,1799
65412:100,华为16112.txt,1974
65412:200,华为16112.txt,1975
65409:10010,中兴13289.txt,40
65409:10010,中兴13289.txt,48
65409:10010,中兴13289.txt,50
65409:10080,中兴13289.txt,58
65409:10080,中兴13289.txt,64
65409:10080,中兴13289.txt,66
65499:11158,华三16106.txt,19
65499:11158,华三16106.txt,21
65499:11158,华三16106.txt,23
65499:11158,华三16106.txt,29
65499:11158,华三16106.txt,35
65499:11158,华三16106.txt,37
65499:11158,华三16106.txt,39
65499:10080,华三16106.txt,45
65499:10080,华三16106.txt,47
65499:10080,华三16106.txt,52
65499:10080,华三16106.txt,58
65499:10080,华三16106.txt,64
65410:10010,华三13297.txt,25
65410:10010,华三13297.txt,29
65410:10010,华三13297.txt,31
65410:10010,华三13297.txt,39
65410:10010,华三13297.txt,47
65410:10080,华三13297.txt,58
65410:10080,华三13297.txt,62
65410:10080,华三13297.txt,64
65410:10080,华三13297.txt,72
65410:10080,华三13297.txt,80
65449:18040,华为855.txt,342
65449:18040,华为855.txt,347
65449:18040,华为855.txt,348
65449:18030,华为855.txt,352
65449:18030,华为855.txt,357
65449:18030,华为855.txt,358
65449:18020,华为855.txt,362
65449:18020,华为855.txt,367
65449:18020,华为855.txt,368
65449:10030,华为855.txt,372
65449:10030,华为855.txt,377
65449:10030,华为855.txt,378
65449:10010,华为855.txt,382
65449:10010,华为855.txt,387
65449:10010,华为855.txt,388
65449:10080,华为855.txt,392
65449:10080,华为855.txt,397
65449:10080,华为855.txt,398
64500:1000,华为855.txt,1927
65449:101,华为855.txt,2111
65449:101,华为855.txt,2115
65449:100,华为855.txt,2127
65449:200,华为855.txt,2128
65449:1017001,华为855.txt,2129
65449:3017001,华为855.txt,2130
65449:1017001,华为855.txt,2131
65449:1017002,华为855.txt,2132
65449:1017003,华为855.txt,2133
65449:1017004,华为855.txt,2134
65449:1017005,华为855.txt,2135
65449:1017006,华为855.txt,2136
65449:1017007,华为855.txt,2137
65449:1017008,华为855.txt,2138
65449:1017019,华为855.txt,2139
65448:18030,华三15392.txt,21
65448:18030,华三15392.txt,25
65448:18030,华三15392.txt,27
65448:18030,华三15392.txt,35
65448:18030,华三15392.txt,43
65448:18020,华三15392.txt,54
65448:18020,华三15392.txt,58
65448:18020,华三15392.txt,60
65448:1121005,华三15392.txt,60
65448:18020,华三15392.txt,68
65448:18020,华三15392.txt,76
65448:10030,华三15392.txt,84
65448:10030,华三15392.txt,88
65448:10030,华三15392.txt,90
65448:10030,华三15392.txt,101
65448:10030,华三15392.txt,109
65448:10010,华三15392.txt,117
65448:10010,华三15392.txt,121
65448:10010,华三15392.txt,123
65448:1121005,华三15392.txt,123
65448:1121006,华三15392.txt,123
65448:10010,华三15392.txt,131
65448:10010,华三15392.txt,139
65448:10020,华三15392.txt,150
65448:10020,华三15392.txt,154
65448:10020,华三15392.txt,156
65448:1121005,华三15392.txt,156
65448:10020,华三15392.txt,164
65448:10020,华三15392.txt,172
65448:20002,华三15392.txt,180
65448:20002,华三15392.txt,184
65448:20002,华三15392.txt,186
65448:20002,华三15392.txt,194
65448:20002,华三15392.txt,203
65448:20001,华三15392.txt,209
65448:20001,华三15392.txt,213
65448:20001,华三15392.txt,215
65448:20001,华三15392.txt,223
65448:20001,华三15392.txt,229
38351:220090,华三12358.txt,19
38351:220090,华三12358.txt,23
38351:220090,华三12358.txt,25
38351:220090,华三12358.txt,33
38351:220090,华三12358.txt,39
65343:360006,华三12358.txt,45
65343:360006,华三12358.txt,52
65343:360006,华三12358.txt,54
65343:360006,华三12358.txt,62
65343:360006,华三12358.txt,68
65343:360005,华三12358.txt,74
65343:360005,华三12358.txt,78
65343:360005,华三12358.txt,80
65343:360005,华三12358.txt,88
65343:360005,华三12358.txt,94
65343:11515,华三12358.txt,103
65343:11515,华三12358.txt,107
65343:11515,华三12358.txt,109
65343:11515,华三12358.txt,117
65343:11515,华三12358.txt,123
65343:10010,华三12358.txt,129
65343:10010,华三12358.txt,133
65343:1013001,华三12358.txt,133
65343:10010,华三12358.txt,135
65343:1013001,华三12358.txt,135
65343:10010,华三12358.txt,143
65343:10010,华三12358.txt,152
65343:360003,华三12358.txt,160
65343:360003,华三12358.txt,164
65343:360003,华三12358.txt,166
65343:360003,华三12358.txt,174
65343:360003,华三12358.txt,180
65343:360004,华三12358.txt,186
65343:360004,华三12358.txt,190
65343:360004,华三12358.txt,192
65343:360004,华三12358.txt,203
65343:360004,华三12358.txt,209
38351:220030,华三12358.txt,215
38351:220030,华三12358.txt,219
38351:220030,华三12358.txt,221
38351:220030,华三12358.txt,229
38351:220030,华三12358.txt,235
38351:208100,中兴213.txt,104
38351:208100,中兴213.txt,112
38351:208100,中兴213.txt,114
64537:10030,中兴213.txt,122
64537:10030,中兴213.txt,128
64537:10030,中兴213.txt,130
64537:10010,中兴213.txt,138
64537:10010,中兴213.txt,144
64537:10010,中兴213.txt,146
64537:1009001,中兴213.txt,148
64537:10020,中兴213.txt,156
64537:10020,中兴213.txt,162
64537:10020,中兴213.txt,164
64513:18040,华为909.txt,128
64513:18040,华为909.txt,132
64513:18040,华为909.txt,133
64513:120000,华为909.txt,137
64513:120000,华为909.txt,141
64513:1073005,华为909.txt,142
64513:120000,华为909.txt,143
64513:120005,华为909.txt,147
64513:120005,华为909.txt,151
64513:120005,华为909.txt,152
64513:10010,华为909.txt,156
64513:10010,华为909.txt,160
64513:1073005,华为909.txt,161
64513:1001005,华为909.txt,162
64513:10010,华为909.txt,163
64513:10020,华为909.txt,167
64513:10020,华为909.txt,171
64513:1073005,华为909.txt,172
64513:10020,华为909.txt,173
65421:8620102,华三4205.txt,25
65421:2020,华三4205.txt,29
65421:2020,华三4205.txt,31
65421:8620102,华三4205.txt,39
65421:8620102,华三4205.txt,47
65421:10030,华三4205.txt,55
65421:10030,华三4205.txt,59
65421:10030,华三4205.txt,61
65421:10030,华三4205.txt,69
65421:10030,华三4205.txt,77
65421:10010,华三4205.txt,85
65421:10010,华三4205.txt,89
65421:1003000,华三4205.txt,91
65421:10010,华三4205.txt,91
65421:10010,华三4205.txt,102
65421:10010,华三4205.txt,110
65421:10020,华三4205.txt,118
65421:10020,华三4205.txt,122
65421:2003000,华三4205.txt,124
65421:10020,华三4205.txt,124
65421:10020,华三4205.txt,132
65421:10020,华三4205.txt,140
65421:8620103,华三4205.txt,151
65421:3020,华三4205.txt,155
65421:3020,华三4205.txt,157
65421:8620103,华三4205.txt,165
65421:8620103,华三4205.txt,173
65421:10080,华三4205.txt,181
65421:10080,华三4205.txt,185
65421:10080,华三4205.txt,187
65421:10080,华三4205.txt,198
65421:10080,华三4205.txt,206
65421:1003000,华三4205.txt,5321
65421:2003000,华三4205.txt,5323
38351:220030,中兴9946.txt,40
38351:220030,中兴9946.txt,50
38351:220030,中兴9946.txt,52
38351:220090,中兴9946.txt,60
38351:220090,中兴9946.txt,66
38351:220090,中兴9946.txt,68
65341:21515,中兴9946.txt,76
65341:21515,中兴9946.txt,84
65341:21515,中兴9946.txt,86
65341:21515,中兴9946.txt,92
65341:21515,中兴9946.txt,94
65341:21158,中兴9946.txt,102
65341:11158,中兴9946.txt,110
65341:11158,中兴9946.txt,112
65341:11158,中兴9946.txt,118
65341:11158,中兴9946.txt,120
65341:10010,中兴9946.txt,122
65341:10010,中兴9946.txt,124
65341:10080,中兴9946.txt,132
65341:10080,中兴9946.txt,140
65341:10080,中兴9946.txt,142
64577:10090,烽火通信16295.txt,17
64577:10090,烽火通信16295.txt,19
64577:10090,烽火通信16295.txt,21
65263:10030,华为5393.txt,128
65263:10030,华为5393.txt,132
65263:10030,华为5393.txt,133
65263:10010,华为5393.txt,137
65263:10010,华为5393.txt,141
65263:10010,华为5393.txt,142
65263:10020,华为5393.txt,146
65263:10020,华为5393.txt,150
65263:10020,华为5393.txt,151
65263:10080,华为5393.txt,155
65263:10080,华为5393.txt,159
65263:10080,华为5393.txt,160
65513:21158,华三16103.txt,19
65513:11158,华三16103.txt,21
65513:11158,华三16103.txt,23
65513:21158,华三16103.txt,29
65513:21158,华三16103.txt,35
65513:11158,华三16103.txt,37
65513:11158,华三16103.txt,39
65513:10080,华三16103.txt,45
65513:10080,华三16103.txt,47
65513:10080,华三16103.txt,52
65513:10080,华三16103.txt,58
65513:10080,华三16103.txt,64
65405:10010,中兴13307.txt,40
65405:10010,中兴13307.txt,48
65405:10010,中兴13307.txt,50
65405:10080,中兴13307.txt,58
65405:10080,中兴13307.txt,64
65405:10080,中兴13307.txt,66
38351:11158,中兴5562.txt,42
38351:11158,中兴5562.txt,50
38351:11158,中兴5562.txt,52
38351:11158,中兴5562.txt,58
38351:11158,中兴5562.txt,60
65515:10010,中兴16096.txt,46
65515:10010,中兴16096.txt,54
65515:10010,中兴16096.txt,56
65515:10010,中兴16096.txt,62
65515:10010,中兴16096.txt,64
65515:10080,中兴16096.txt,72
65515:10080,中兴16096.txt,78
65515:10080,中兴16096.txt,80
65514:10010,中兴16094.txt,46
65514:10010,中兴16094.txt,54
65514:10010,中兴16094.txt,56
65514:10010,中兴16094.txt,62
65514:10010,中兴16094.txt,64
65514:10080,中兴16094.txt,72
65514:10080,中兴16094.txt,78
65514:10080,中兴16094.txt,80
65448:20001,中兴14683.txt,104
65448:20001,中兴14683.txt,110
65448:20001,中兴14683.txt,112
65448:20002,中兴14683.txt,120
65448:20002,中兴14683.txt,126
65448:20002,中兴14683.txt,128
65448:10001,中兴14683.txt,136
65448:10001,中兴14683.txt,142
65448:10001,中兴14683.txt,144
65448:10010,中兴14683.txt,152
65448:10010,中兴14683.txt,160
65448:1061004,中兴14683.txt,162
65448:10010,中兴14683.txt,164
65448:1061004,中兴14683.txt,166
65448:10010,中兴14683.txt,172
65448:1061004,中兴14683.txt,174
65448:10010,中兴14683.txt,176
65448:1061004,中兴14683.txt,178
65448:1061005,中兴14683.txt,180
65448:10020,中兴14683.txt,188
65448:10020,中兴14683.txt,194
65448:1061004,中兴14683.txt,196
65448:10020,中兴14683.txt,198
65448:1061004,中兴14683.txt,200
65448:10020,中兴14683.txt,206
65448:1061004,中兴14683.txt,208
65448:10020,中兴14683.txt,210
65448:1061004,中兴14683.txt,212
65448:10030,中兴14683.txt,220
65448:10030,中兴14683.txt,226
65448:1061004,中兴14683.txt,228
65448:10030,中兴14683.txt,230
65448:1061004,中兴14683.txt,232
65448:10030,中兴14683.txt,238
65448:1061004,中兴14683.txt,240
65448:10030,中兴14683.txt,242
65448:1061004,中兴14683.txt,244
65448:18020,中兴14683.txt,252
65448:18020,中兴14683.txt,258
65448:1061004,中兴14683.txt,260
65448:18020,中兴14683.txt,262
65448:1061004,中兴14683.txt,264
65448:18020,中兴14683.txt,270
65448:1061004,中兴14683.txt,272
65448:18020,中兴14683.txt,274
65448:1061004,中兴14683.txt,276
65448:18030,中兴14683.txt,284
65448:18030,中兴14683.txt,290
65448:1061004,中兴14683.txt,292
65448:18030,中兴14683.txt,294
65448:1061004,中兴14683.txt,296
65448:18030,中兴14683.txt,302
65448:1061004,中兴14683.txt,304
65448:18030,中兴14683.txt,306
65448:1061004,中兴14683.txt,308
65448:18040,中兴14683.txt,316
65448:18040,中兴14683.txt,322
65448:1061004,中兴14683.txt,324
65448:18040,中兴14683.txt,326
65448:1061004,中兴14683.txt,328
65448:18040,中兴14683.txt,334
65448:1061004,中兴14683.txt,336
65448:18040,中兴14683.txt,338
65448:1061004,中兴14683.txt,340
65491:21524,华三14.txt,19
65491:11524,华三14.txt,23
65491:11524,华三14.txt,25
65491:21524,华三14.txt,33
65491:21524,华三14.txt,41
65491:21158,华三14.txt,52
65491:11158,华三14.txt,56
65491:11158,华三14.txt,58
65491:21158,华三14.txt,66
65491:21158,华三14.txt,74
65491:21159,华三14.txt,82
65491:11159,华三14.txt,86
65491:11159,华三14.txt,88
65491:21159,华三14.txt,96
65491:21159,华三14.txt,107
65491:22187,华三14.txt,115
65491:12187,华三14.txt,119
65491:12187,华三14.txt,121
65491:22187,华三14.txt,129
65491:22187,华三14.txt,137
65491:248611,华三14.txt,145
65491:248611,华三14.txt,154
65491:248610,华三14.txt,156
65491:248610,华三14.txt,158
65491:248611,华三14.txt,164
65491:21000,华三14.txt,170
65491:11000,华三14.txt,172
65491:11000,华三14.txt,174
65491:21000,华三14.txt,182
65491:21000,华三14.txt,190
65491:20010,华三14.txt,201
65491:10010,华三14.txt,203
65491:10010,华三14.txt,205
65491:20010,华三14.txt,213
65491:20010,华三14.txt,221
65510:10050,华为16101.txt,113
65510:10050,华为16101.txt,118
65510:10050,华为16101.txt,119
65510:10050,华为16101.txt,121
65510:10050,华为16101.txt,126
65510:10050,华为16101.txt,127
65510:11158,华为16101.txt,131
65510:11158,华为16101.txt,133
65510:11158,华为16101.txt,134
65510:11158,华为16101.txt,136
65510:11158,华为16101.txt,138
65510:11158,华为16101.txt,139
65510:250060,华为16101.txt,144
65510:250060,华为16101.txt,149
65510:250060,华为16101.txt,150
65510:250060,华为16101.txt,152
65510:250060,华为16101.txt,157
65510:250060,华为16101.txt,158
65510:10080,华为16101.txt,162
65510:10080,华为16101.txt,165
65510:10080,华为16101.txt,166
65510:200,华为16101.txt,1247
65510:200,华为16101.txt,1252
65510:200,华为16101.txt,1266
65510:200,华为16101.txt,1270
65518:10070,华三13326.txt,19
65518:10070,华三13326.txt,21
65518:10070,华三13326.txt,23
65518:10070,华三13326.txt,29
65518:10070,华三13326.txt,35
65518:10070,华三13326.txt,37
65518:10070,华三13326.txt,39
65518:20010,华三13326.txt,45
65518:20010,华三13326.txt,47
65518:20010,华三13326.txt,52
65518:20010,华三13326.txt,58
65518:20010,华三13326.txt,64
65518:20020,华三13326.txt,70
65518:20020,华三13326.txt,72
65518:20020,华三13326.txt,74
65518:20020,华三13326.txt,80
65518:20020,华三13326.txt,86
65518:20020,华三13326.txt,88
65518:20020,华三13326.txt,90
65518:10050,华三13326.txt,96
65518:10050,华三13326.txt,103
65518:10050,华三13326.txt,105
65518:10050,华三13326.txt,113
65518:10050,华三13326.txt,121
65518:10060,华三13326.txt,127
65518:10060,华三13326.txt,129
65518:10060,华三13326.txt,131
65518:10060,华三13326.txt,137
65518:10060,华三13326.txt,143
65518:10060,华三13326.txt,145
65518:10060,华三13326.txt,150
65518:10030,华三13326.txt,156
65518:10030,华三13326.txt,158
65518:10030,华三13326.txt,160
65518:10030,华三13326.txt,166
65518:10030,华三13326.txt,172
65518:10030,华三13326.txt,174
65518:10030,华三13326.txt,176
65518:10010,华三13326.txt,182
65518:10010,华三13326.txt,184
65518:10010,华三13326.txt,186
65518:10010,华三13326.txt,192
65518:10010,华三13326.txt,201
65518:10010,华三13326.txt,203
65518:10010,华三13326.txt,205
65518:10020,华三13326.txt,211
65518:10020,华三13326.txt,213
65518:10020,华三13326.txt,215
65518:10020,华三13326.txt,221
65518:10020,华三13326.txt,227
65518:10020,华三13326.txt,229
65518:10020,华三13326.txt,231
65518:10040,华三13326.txt,237
65518:10040,华三13326.txt,241
65518:10040,华三13326.txt,243
65518:10040,华三13326.txt,254
65518:10040,华三13326.txt,262
65518:18020,华三13326.txt,268
65518:18020,华三13326.txt,270
65518:18020,华三13326.txt,272
65518:18020,华三13326.txt,278
65518:18020,华三13326.txt,280
65518:18020,华三13326.txt,282
65518:18020,华三13326.txt,288
65518:18020,华三13326.txt,290
65518:18020,华三13326.txt,292
65518:18030,华三13326.txt,301
65518:18030,华三13326.txt,303
65518:18030,华三13326.txt,305
65518:18030,华三13326.txt,311
65518:18030,华三13326.txt,313
65518:18030,华三13326.txt,315
65518:18030,华三13326.txt,321
65518:18030,华三13326.txt,323
65518:18030,华三13326.txt,325
65518:10080,华三13326.txt,331
65518:10080,华三13326.txt,333
65518:10080,华三13326.txt,335
65518:10080,华三13326.txt,341
65518:10080,华三13326.txt,350
65518:10080,华三13326.txt,352
65518:10080,华三13326.txt,354
65518:1011,华三13326.txt,360
65518:1011,华三13326.txt,362
65518:1011,华三13326.txt,364
65518:1011,华三13326.txt,370
65518:1011,华三13326.txt,376
65257:10010,中兴5398.txt,40
65257:10010,中兴5398.txt,48
65257:10010,中兴5398.txt,50
65257:10010,中兴5398.txt,56
65257:10010,中兴5398.txt,58
65257:10030,中兴5398.txt,66
65257:10030,中兴5398.txt,74
65257:10030,中兴5398.txt,76
65257:10030,中兴5398.txt,82
65257:10030,中兴5398.txt,84
65257:10020,中兴5398.txt,92
65257:10020,中兴5398.txt,100
65257:10020,中兴5398.txt,102
65257:10020,中兴5398.txt,108
65257:10020,中兴5398.txt,110
65345:18030,烽火通信12225.txt,19
65345:18030,烽火通信12225.txt,23
65345:18030,烽火通信12225.txt,25
65345:18020,烽火通信12225.txt,35
65345:3011006,烽火通信12225.txt,37
65345:18020,烽火通信12225.txt,39
65345:3011006,烽火通信12225.txt,41
65345:18020,烽火通信12225.txt,43
65345:10010,烽火通信12225.txt,53
65345:1011006,烽火通信12225.txt,55
65345:10010,烽火通信12225.txt,57
65345:1011006,烽火通信12225.txt,59
65345:11158,烽火通信12225.txt,61
64604:10010,中兴8079.txt,42
64604:10010,中兴8079.txt,50
64604:10010,中兴8079.txt,52
64604:10020,中兴8079.txt,60
64604:10020,中兴8079.txt,68
64604:10020,中兴8079.txt,70
64604:10030,中兴8079.txt,78
64604:10030,中兴8079.txt,86
64604:10030,中兴8079.txt,88
64604:10080,中兴8079.txt,96
64604:10080,中兴8079.txt,104
64604:10080,中兴8079.txt,106
64604:18030,中兴8079.txt,114
64604:18030,中兴8079.txt,122
64604:18030,中兴8079.txt,124
64604:18020,中兴8079.txt,132
64604:18020,中兴8079.txt,140
64604:18020,中兴8079.txt,142
64500:1000,中兴8079.txt,779
64500:1000,中兴8079.txt,785
64604:1001002,中兴8079.txt,1194
64604:3001002,中兴8079.txt,1196
64604:1001003,中兴8079.txt,1198
64604:3001003,中兴8079.txt,1200
64604:1001004,中兴8079.txt,1202
64604:3001004,中兴8079.txt,1204
64604:1001005,中兴8079.txt,1206
64604:3001005,中兴8079.txt,1208
64604:1001006,中兴8079.txt,1210
64604:3001006,中兴8079.txt,1212
65316:10030,烽火通信7761.txt,17
65316:1002002,烽火通信7761.txt,19
65316:10030,烽火通信7761.txt,21
65316:1002002,烽火通信7761.txt,23
65316:10030,烽火通信7761.txt,25
65316:10030,烽火通信7761.txt,31
65316:1002002,烽火通信7761.txt,33
65316:10030,烽火通信7761.txt,35
65316:1002002,烽火通信7761.txt,37
65316:10030,烽火通信7761.txt,39
65316:10010,烽火通信7761.txt,49
65316:1002002,烽火通信7761.txt,51
65316:10010,烽火通信7761.txt,53
65316:1002002,烽火通信7761.txt,55
65316:10010,烽火通信7761.txt,57
65316:10010,烽火通信7761.txt,63
65316:1002002,烽火通信7761.txt,65
65316:1003001,烽火通信7761.txt,67
65316:1013002,烽火通信7761.txt,69
65316:10010,烽火通信7761.txt,71
65316:1002002,烽火通信7761.txt,73
65316:1013002,烽火通信7761.txt,75
65316:10010,烽火通信7761.txt,77
65316:10020,烽火通信7761.txt,87
65316:1002002,烽火通信7761.txt,89
65316:10020,烽火通信7761.txt,91
65316:1002002,烽火通信7761.txt,93
65316:10020,烽火通信7761.txt,95
65316:10020,烽火通信7761.txt,101
65316:1002002,烽火通信7761.txt,103
65316:10020,烽火通信7761.txt,105
65316:1002002,烽火通信7761.txt,107
65316:10020,烽火通信7761.txt,109
65451:10010,中兴826.txt,40
65451:10010,中兴826.txt,48
65451:10010,中兴826.txt,50
65451:10010,中兴826.txt,56
65451:10010,中兴826.txt,58
65451:10020,中兴826.txt,66
65451:10020,中兴826.txt,74
65451:10020,中兴826.txt,76
65451:10020,中兴826.txt,82
65451:10020,中兴826.txt,84
65451:10080,中兴826.txt,92
65451:10080,中兴826.txt,100
65451:10080,中兴826.txt,102
65451:18020,中兴826.txt,110
65451:18020,中兴826.txt,116
65451:18020,中兴826.txt,118
