华为15000.txt,112,853,1436
华为15766.txt,114,812,1331
华为15772.txt,139,995,1633
华为15014.txt,132,1021,1699
思科1834.txt,43,707,1092
华为15982.txt,192,1479,2372
中兴15585.txt,51,539,1082
华为15996.txt,194,1421,2271
中兴15591.txt,47,487,961
思科1820.txt,43,843,1333
华为15028.txt,173,1254,2008
华为15969.txt,158,1156,1881
中兴14670.txt,61,651,1300
中兴15546.txt,50,477,890
华为15799.txt,135,1024,1701
华为15941.txt,94,703,1212
中兴15552.txt,61,597,1196
华为15955.txt,116,862,1459
华为15202.txt,128,973,1616
华三15389.txt,65,481,499
华为16079.txt,90,643,1113
华为16051.txt,87,623,1082
华为16045.txt,159,1120,1778
华为14861.txt,79,556,995
思科2118.txt,53,917,1461
华三15438.txt,111,678,638
华为14875.txt,87,612,1049
华三15410.txt,71,533,541
烽火通信6664.txt,83,834,1006
思科2124.txt,26,438,655
华三15376.txt,62,460,486
思科2130.txt,53,915,1454
烽火通信6670.txt,64,620,641
华为14849.txt,103,717,1226
华为16086.txt,93,662,1136
华三15404.txt,69,515,527
华为14915.txt,179,1299,2074
中兴15618.txt,50,498,947
华为14901.txt,109,804,1337
中兴15630.txt,50,497,947
华为14929.txt,106,762,1297
思科2050.txt,171,1884,2525
思科2044.txt,171,1912,2559
中兴15624.txt,49,501,1000
华为15174.txt,151,1161,1920
华为15160.txt,152,1170,1925
思科1968.txt,186,1613,1790
华为15148.txt,125,956,1605
思科1940.txt,85,1097,1627
思科1954.txt,94,1312,1984
中兴15368.txt,70,728,1500
中兴14710.txt,49,539,1098
华为15809.txt,103,764,1305
中兴14704.txt,70,731,1520
思科1773.txt,45,897,1423
思科1983.txt,186,1615,1796
中兴15354.txt,65,708,1440
华为15835.txt,98,701,1191
中兴14738.txt,73,774,1590
华为15821.txt,98,721,1228
中兴15340.txt,1540,23013,58083
思科2246.txt,273,2142,2281
思科1997.txt,26,446,675
华为15820.txt,98,721,1228
中兴14739.txt,73,774,1590
思科1996.txt,26,446,675
思科2247.txt,26,448,678
中兴15341.txt,51,534,1089
中兴15355.txt,58,599,1181
思科1982.txt,186,1615,1796
华为15834.txt,98,701,1191
中兴14705.txt,1102,17669,44183
思科1772.txt,120,1863,2914
中兴15369.txt,45,452,883
华为15808.txt,103,764,1305
中兴14711.txt,72,794,1632
思科1955.txt,93,1310,1987
思科1941.txt,91,1300,1979
华为15149.txt,121,904,1527
思科1969.txt,186,1613,1790
华为15161.txt,155,1181,1932
华为15175.txt,151,1161,1920
思科2045.txt,163,1529,1958
中兴15625.txt,49,501,1000
华为14928.txt,92,664,1126
中兴15631.txt,50,497,947
思科2051.txt,170,1881,2526
华为14900.txt,86,615,1065
中兴15619.txt,50,498,947
华为14914.txt,179,1299,2074
思科2131.txt,53,927,1470
华三15405.txt,62,460,486
华为16087.txt,93,662,1136
华为14848.txt,167,1244,2009
烽火通信6671.txt,75,594,579
烽火通信6665.txt,61,601,622
华三15411.txt,74,551,554
华三15377.txt,62,460,486
思科2125.txt,52,910,1456
华为14874.txt,86,595,1054
华三15439.txt,97,764,728
华为14860.txt,85,647,1133
烽火通信6659.txt,63,601,621
思科2119.txt,53,915,1454
华为16044.txt,94,666,1155
华为16050.txt,87,623,1082
华为15217.txt,101,748,1282
华为16078.txt,117,835,1412
华三15388.txt,87,675,655
华为15203.txt,150,1072,1724
华为15954.txt,254,2804,5651
中兴15553.txt,61,597,1196
华为15940.txt,136,967,1586
华为15798.txt,228,2054,4003
中兴15547.txt,50,477,890
中兴14671.txt,64,667,1402
华为15968.txt,130,932,1528
中兴14665.txt,753,12084,32141
中兴15590.txt,55,557,1093
华为15997.txt,86,614,1085
华为15029.txt,173,1254,2008
思科1835.txt,43,707,1092
中兴15584.txt,53,547,1090
华为15983.txt,118,865,1454
华为15773.txt,139,995,1633
华为15015.txt,132,1021,1699
华为15001.txt,112,853,1436
华为15767.txt,98,699,1205
华为15771.txt,139,995,1633
华为15765.txt,114,812,1331
华为15003.txt,276,2466,4181
华为15995.txt,194,1421,2271
中兴15592.txt,47,487,961
华为15981.txt,102,734,1261
中兴14698.txt,43,444,874
中兴15586.txt,51,539,1082
华为15759.txt,112,786,1303
思科1837.txt,54,959,1557
中兴14673.txt,54,560,1126
中兴15579.txt,57,579,1131
中兴14667.txt,66,712,1428
中兴15551.txt,69,698,1396
华为15956.txt,92,655,1118
中兴15545.txt,50,477,890
华为15942.txt,84,570,995
华为15201.txt,128,973,1616
华为16046.txt,99,715,1215
华为14889.txt,141,1074,1786
华为15229.txt,99,740,1257
华为16052.txt,88,639,1105
华为14876.txt,87,612,1049
华为14862.txt,79,556,995
华为16085.txt,88,631,1086
华三15407.txt,79,592,583
思科2133.txt,53,927,1470
思科2127.txt,53,914,1456
华三15375.txt,69,515,527
华三15413.txt,123,814,778
华为14902.txt,109,804,1337
华为14916.txt,135,969,1589
中兴15627.txt,68,768,1576
思科2047.txt,169,1871,2514
思科2053.txt,172,1917,2563
中兴15633.txt,60,601,1182
烽火通信6713.txt,61,578,606
华为15163.txt,78,556,981
华为15177.txt,93,666,1183
思科1957.txt,94,1293,1924
思科1943.txt,93,1307,1980
思科1770.txt,120,1860,2911
中兴14707.txt,51,532,1047
中兴14713.txt,57,610,1246
中兴15343.txt,66,763,1596
思科2245.txt,130,1252,1588
思科1994.txt,26,433,646
华为15822.txt,98,721,1228
华为15836.txt,98,701,1191
思科1980.txt,186,1613,1790
华为15188.txt,168,1273,2078
华为15837.txt,108,809,1376
华为15189.txt,127,962,1590
中兴15356.txt,61,656,1342
思科1981.txt,186,1615,1796
思科1995.txt,26,446,675
思科2244.txt,261,2121,2361
中兴15342.txt,66,763,1596
华为15823.txt,98,721,1228
中兴14712.txt,79,892,1862
思科1771.txt,120,1863,2914
中兴14706.txt,51,532,1047
思科1942.txt,93,1307,1980
思科1956.txt,94,1317,1996
华为15176.txt,93,666,1183
华为15162.txt,155,1181,1932
思科2052.txt,171,1862,2458
中兴15632.txt,50,497,947
中兴15626.txt,49,501,1000
思科2046.txt,162,1673,2160
华为14917.txt,124,878,1445
华为14903.txt,130,920,1497
华三15374.txt,69,515,527
思科2126.txt,53,914,1455
华三15412.txt,74,551,554
华为16090.txt,251,2537,5041
华三15406.txt,62,460,486
华为16084.txt,99,725,1232
烽火通信6672.txt,74,596,580
思科2132.txt,52,922,1466
华为14863.txt,84,586,1049
华为14877.txt,90,619,1060
华为16053.txt,88,630,1084
华为14888.txt,102,712,1199
华为16047.txt,180,1313,2091
华为15228.txt,96,701,1193
华为15200.txt,123,935,1555
华为15214.txt,180,1355,2172
华为15943.txt,84,570,995
中兴15544.txt,51,511,1001
华为15957.txt,139,1082,1779
中兴15550.txt,69,698,1396
中兴14666.txt,64,665,1314
中兴15578.txt,42,440,869
中兴14672.txt,55,576,1141
华为15758.txt,93,635,1079
中兴15587.txt,60,608,1224
中兴14699.txt,43,444,874
华为15980.txt,104,750,1258
思科1836.txt,43,707,1092
中兴15593.txt,75,756,1504
华为15994.txt,194,1421,2271
华为15764.txt,114,812,1331
华为15002.txt,261,2876,5790
华为15770.txt,139,995,1633
中兴14689.txt,44,445,875
华为15990.txt,81,554,976
华为15748.txt,106,777,1328
中兴15597.txt,46,460,905
华为15984.txt,93,642,1109
中兴15583.txt,57,568,1116
华为15774.txt,155,1154,1856
华为15012.txt,153,1232,2021
华为15006.txt,224,1718,2709
华为15760.txt,112,786,1303
中兴15554.txt,49,516,1068
华为15953.txt,80,565,990
中兴15540.txt,53,562,1136
华为15947.txt,122,903,1507
中兴15568.txt,69,697,1379
中兴14676.txt,53,561,1124
华为16043.txt,94,666,1155
华为14898.txt,84,586,1049
华为16057.txt,80,547,959
华为15238.txt,128,979,1622
华为15210.txt,120,890,1487
华为15204.txt,150,1072,1724
思科2136.txt,53,927,1470
烽火通信6676.txt,55,547,574
华三15402.txt,70,530,544
华为16080.txt,90,654,1130
华三15416.txt,66,496,514
烽火通信6662.txt,72,685,691
思科2122.txt,53,927,1470
华三15370.txt,76,585,589
华为14873.txt,86,595,1054
华为14867.txt,84,595,1038
思科2042.txt,172,1917,2563
中兴15622.txt,51,512,987
中兴15636.txt,66,674,1295
思科2056.txt,172,1917,2563
华为14907.txt,111,786,1363
华为14913.txt,132,978,1615
思科1952.txt,92,1305,1983
思科1946.txt,93,1288,1920
华为15166.txt,116,895,1506
华为15172.txt,146,1090,1764
华为15827.txt,116,892,1502
思科2240.txt,27,434,652
华为15199.txt,123,935,1555
中兴15346.txt,56,573,1136
思科1991.txt,26,433,647
思科1749.txt,162,1497,1837
思科1985.txt,186,1615,1796
中兴15352.txt,58,606,1214
华为15833.txt,98,701,1191
中兴14702.txt,66,720,1446
思科1775.txt,45,897,1423
中兴14716.txt,99,1091,2242
中兴14717.txt,99,1091,2242
中兴14703.txt,63,643,1318
思科1774.txt,45,897,1423
中兴15353.txt,61,637,1288
思科1984.txt,186,1615,1796
华为15832.txt,115,856,1432
华为15826.txt,116,892,1502
思科1748.txt,162,1497,1837
思科1990.txt,26,433,647
中兴15347.txt,55,586,1182
华为15198.txt,128,964,1595
思科2241.txt,126,1284,1683
华为15173.txt,146,1090,1764
华为15167.txt,139,1056,1744
思科1947.txt,95,1350,2031
思科1953.txt,93,1307,1980
华为14912.txt,170,1311,2123
华为14906.txt,111,786,1363
中兴15637.txt,66,674,1295
思科2057.txt,172,1917,2563
思科2043.txt,172,1917,2563
中兴15623.txt,920,16419,42217
华为14866.txt,84,586,1049
华为14872.txt,84,595,1038
烽火通信6663.txt,81,817,992
华三15417.txt,65,480,498
华三15371.txt,76,585,589
思科2123.txt,24,399,613
华为16081.txt,98,694,1198
华三15403.txt,69,515,527
华为15205.txt,106,803,1374
华为15211.txt,231,1771,2815
华为16056.txt,100,718,1223
华为14899.txt,111,821,1370
华为15239.txt,105,785,1320
华为16042.txt,101,731,1236
中兴14677.txt,46,463,922
中兴15569.txt,49,491,980
华为15946.txt,102,738,1246
中兴15541.txt,53,562,1136
华为15952.txt,108,820,1396
中兴15555.txt,49,516,1068
华为15007.txt,224,1718,2709
华为15761.txt,112,786,1303
华为15775.txt,155,1154,1856
华为15013.txt,153,1232,2021
中兴15582.txt,55,560,1108
华为15985.txt,163,1208,1945
中兴15596.txt,46,460,905
华为15749.txt,106,777,1328
华为15991.txt,81,554,976
中兴14688.txt,64,710,1434
华为15987.txt,120,924,1546
中兴15580.txt,57,579,1131
华为15039.txt,138,1020,1673
华为15993.txt,194,1421,2271
中兴15594.txt,68,728,1476
华为15763.txt,114,812,1331
华为15005.txt,104,785,1340
华为15011.txt,165,1234,1987
思科1819.txt,44,851,1340
华为15777.txt,155,1154,1856
中兴15543.txt,51,511,1001
华为15944.txt,106,819,1384
华为15788.txt,139,1071,1772
中兴15557.txt,66,694,1402
华为15950.txt,233,2067,4025
华为15978.txt,246,2222,4317
中兴14675.txt,59,608,1196
华为16054.txt,84,586,1031
华为16040.txt,86,601,1036
华为15207.txt,153,1175,1929
华为16068.txt,80,573,1008
华三15398.txt,70,530,541
华为15213.txt,180,1355,2172
思科2121.txt,53,927,1470
华三15373.txt,122,809,773
华三15415.txt,66,496,514
华为14858.txt,90,677,1170
华三15401.txt,70,530,544
华为16083.txt,81,570,1004
思科2135.txt,52,922,1466
华为14864.txt,84,586,1049
华三15429.txt,71,534,542
华为14870.txt,80,573,1016
思科2055.txt,171,1912,2559
中兴15635.txt,59,597,1178
烽火通信6715.txt,67,551,582
华为14938.txt,165,1246,2006
中兴15621.txt,51,512,987
思科2041.txt,170,1857,2454
思科2069.txt,58,1234,1899
华为14910.txt,92,674,1177
中兴15609.txt,61,620,1270
烽火通信6729.txt,56,563,584
华为14904.txt,130,920,1497
思科1945.txt,95,1325,2003
思科1951.txt,85,1125,1669
华为15159.txt,152,1170,1925
思科1979.txt,186,1613,1790
华为15171.txt,165,1285,2111
华为15165.txt,116,895,1506
华为15830.txt,115,856,1432
中兴14729.txt,54,533,1048
思科1986.txt,186,1615,1796
中兴15351.txt,34,369,739
思科2243.txt,26,449,679
中兴15345.txt,63,686,1452
思科1992.txt,26,433,645
华为15824.txt,83,588,1039
思科1776.txt,110,1032,1262
华为15818.txt,123,903,1523
中兴14701.txt,64,700,1422
思科1777.txt,110,1032,1262
中兴14700.txt,43,444,874
华为15819.txt,123,903,1523
中兴14714.txt,55,525,1010
思科1993.txt,26,433,645
中兴15344.txt,46,473,967
思科2242.txt,26,431,651
华为15825.txt,83,588,1039
中兴14728.txt,54,535,1076
华为15831.txt,115,856,1432
中兴15350.txt,34,369,739
思科1987.txt,186,1615,1796
华为15164.txt,78,556,981
华为15170.txt,165,1285,2111
思科1978.txt,186,1613,1790
华为15158.txt,125,972,1616
思科1950.txt,82,1049,1590
思科1944.txt,93,1310,1987
华为14905.txt,93,647,1104
思科2068.txt,58,1231,1895
中兴15608.txt,61,620,1270
华为14911.txt,92,674,1177
中兴15620.txt,51,512,987
华为14939.txt,165,1246,2006
思科2040.txt,171,1886,2530
思科2054.txt,171,1912,2559
烽火通信6714.txt,68,562,590
中兴15634.txt,60,601,1182
华为14871.txt,84,595,1038
华三15428.txt,84,659,655
华为14865.txt,84,586,1049
华为16082.txt,98,694,1198
华三15400.txt,64,480,502
思科2134.txt,53,927,1470
华三15372.txt,122,809,773
思科2120.txt,53,927,1470
华为14859.txt,85,647,1133
烽火通信6660.txt,67,618,624
华三15414.txt,123,814,778
华为15212.txt,231,1771,2815
华三15399.txt,64,480,502
华为15206.txt,106,803,1374
华为16069.txt,94,662,1139
华为16041.txt,110,816,1370
华为16055.txt,177,1297,2072
中兴14674.txt,55,572,1142
华为15979.txt,137,1042,1753
华为15951.txt,122,911,1541
中兴15556.txt,66,694,1402
华为15789.txt,139,1071,1772
华为15945.txt,185,1371,2209
中兴15542.txt,55,570,1144
思科1818.txt,45,865,1354
华为15010.txt,164,1224,1978
华为15776.txt,155,1154,1856
华为15762.txt,112,786,1303
华为15004.txt,104,785,1340
中兴15595.txt,69,732,1480
华为15992.txt,81,554,976
中兴15581.txt,55,560,1108
华为15986.txt,142,1014,1675
华为15038.txt,138,1020,1673
华为15705.txt,104,777,1326
华为15063.txt,87,633,1106
华为15077.txt,92,660,1146
华为15711.txt,151,1132,1852
中兴14808.txt,50,530,1062
华为15739.txt,147,1088,1777
中兴14820.txt,60,658,1332
思科1857.txt,54,959,1557
中兴15280.txt,74,797,1613
中兴15294.txt,48,523,1095
思科1843.txt,90,952,1268
中兴15519.txt,57,604,1210
中兴15525.txt,46,484,961
华为15922.txt,117,862,1444
思科1894.txt,229,1843,1999
思科1880.txt,29,503,756
华为15088.txt,113,828,1418
中兴15531.txt,47,483,972
华为15936.txt,97,654,1125
华为15261.txt,233,1817,3471
烽火通信7280.txt,75,686,767
思科2184.txt,26,459,702
华为16032.txt,136,1065,1756
华为16026.txt,96,738,1237
华为15249.txt,143,1092,1801
思科2190.txt,223,1794,1933
烽火通信7243.txt,90,853,1004
烽火通信7257.txt,88,811,941
华三15315.txt,79,573,572
思科2147.txt,53,920,1456
思科2153.txt,54,913,1447
中兴15690.txt,56,611,1261
华为14989.txt,110,792,1332
中兴15684.txt,51,538,1095
华为14976.txt,95,663,1123
华为14962.txt,204,1532,2445
思科2033.txt,26,457,699
中兴15653.txt,66,650,1302
中兴15647.txt,64,694,1386
思科2027.txt,26,457,699
华为15117.txt,89,631,1105
华为15103.txt,151,1095,1775
中兴15492.txt,56,596,1214
华为15895.txt,137,1087,1802
中兴15486.txt,54,570,1147
华为15881.txt,95,688,1176
中兴14773.txt,47,487,957
思科1704.txt,164,1474,1785
思科1710.txt,24,421,636
中兴14767.txt,63,639,1330
中兴15479.txt,53,568,1134
华为15856.txt,78,564,997
中兴15451.txt,64,713,1452
中兴15337.txt,46,478,970
思科2231.txt,118,1083,1301
思科1738.txt,128,1549,2176
华为15842.txt,144,1083,1784
中兴15445.txt,47,499,992
中兴15444.txt,47,499,992
华为15843.txt,144,1083,1784
中兴15450.txt,48,483,956
华为15857.txt,86,628,1100
思科1739.txt,27,510,796
思科2230.txt,28,473,730
中兴15336.txt,60,632,1355
思科1711.txt,134,1232,1442
中兴15478.txt,55,580,1160
中兴14766.txt,63,639,1330
中兴14772.txt,85,909,1872
思科1705.txt,181,1576,1870
华为15880.txt,148,1105,1830
中兴15487.txt,62,664,1359
华为15894.txt,137,1087,1802
中兴15493.txt,55,592,1210
华为15102.txt,104,770,1308
华为15116.txt,85,619,1087
中兴15646.txt,56,519,971
思科2026.txt,26,457,699
思科2032.txt,26,457,699
烽火通信6772.txt,75,601,589
中兴15652.txt,66,650,1302
华为14963.txt,115,866,1438
华为14977.txt,95,663,1123
中兴15685.txt,51,538,1095
华为14988.txt,138,1021,1659
中兴15691.txt,73,800,1626
思科2152.txt,54,913,1446
思科2146.txt,54,925,1460
华三15314.txt,85,597,580
烽火通信7256.txt,87,804,932
烽火通信7242.txt,78,749,886
华为16027.txt,209,1724,2761
思科2191.txt,26,433,654
华为15248.txt,102,756,1297
思科2185.txt,24,419,630
华为16033.txt,106,767,1306
烽火通信7281.txt,51,507,600
华为15260.txt,189,1440,2336
华为15089.txt,113,828,1418
思科1881.txt,26,455,702
华为15937.txt,117,797,1317
中兴15530.txt,47,480,939
华为15923.txt,117,862,1444
中兴15524.txt,57,637,1306
思科1895.txt,26,448,678
中兴15518.txt,57,604,1210
思科1842.txt,231,1899,2102
中兴15295.txt,48,523,1095
中兴14821.txt,73,842,1736
华为15738.txt,147,1088,1777
中兴15281.txt,74,797,1613
思科1856.txt,43,707,1092
华为15076.txt,92,660,1146
中兴14809.txt,48,509,995
华为15710.txt,257,2368,4618
华为15704.txt,104,777,1326
华为15062.txt,87,633,1106
华为15712.txt,144,1058,1759
华为15074.txt,124,912,1506
华为15060.txt,84,615,1089
思科1868.txt,46,674,1018
华为15706.txt,159,1165,1894
华为15048.txt,151,1190,1935
中兴15297.txt,65,697,1414
思科1840.txt,231,1899,2102
思科1854.txt,43,707,1092
中兴15283.txt,56,611,1271
中兴14823.txt,59,627,1281
华为15909.txt,106,767,1317
中兴15268.txt,61,669,1401
中兴15532.txt,61,609,1220
华为15935.txt,108,819,1402
思科1897.txt,26,448,678
中兴15526.txt,46,484,961
华为15921.txt,135,985,1636
华为16019.txt,92,666,1152
华为15262.txt,142,1081,1774
烽火通信7283.txt,91,858,1012
思科2193.txt,26,433,654
华为16025.txt,247,2726,5460
华为16031.txt,190,1389,2213
思科2187.txt,176,1481,1669
烽火通信7254.txt,75,679,782
烽火通信7240.txt,69,611,650
思科2178.txt,46,706,1089
思科2150.txt,26,435,649
烽火通信7268.txt,40,421,454
华为14829.txt,113,794,1303
华三15316.txt,79,573,572
思科2144.txt,54,915,1451
中兴15687.txt,54,566,1126
中兴15693.txt,73,800,1626
中兴15678.txt,50,498,951
华为14961.txt,98,738,1285
烽火通信6758.txt,64,603,623
华为14975.txt,139,991,1615
思科2024.txt,26,433,645
中兴15644.txt,56,519,971
中兴15650.txt,728,13071,33211
华为14949.txt,87,615,1079
烽火通信6770.txt,66,629,642
思科2030.txt,26,457,699
思科1908.txt,217,1752,1892
华为15100.txt,179,1400,2244
华为15114.txt,89,631,1105
中兴15485.txt,55,572,1166
华为15882.txt,95,688,1176
华为15128.txt,86,617,1068
中兴15491.txt,56,604,1234
华为15896.txt,137,1087,1802
中兴14764.txt,69,752,1532
思科1713.txt,152,1340,1532
中兴15308.txt,50,503,995
中兴14770.txt,66,684,1432
华为15869.txt,98,725,1237
中兴14758.txt,51,533,1049
华为15841.txt,144,1083,1784
华为15699.txt,152,1145,1851
中兴15446.txt,43,452,922
中兴15334.txt,63,649,1330
思科2232.txt,265,2042,2132
华为15855.txt,78,564,997
中兴15452.txt,46,485,961
思科2233.txt,26,432,654
中兴15335.txt,67,743,1518
中兴15453.txt,46,485,961
华为15854.txt,78,564,997
中兴15447.txt,43,452,922
华为15698.txt,96,708,1204
华为15840.txt,108,809,1376
中兴14759.txt,71,756,1592
思科1706.txt,164,1474,1785
华为15868.txt,91,671,1192
中兴14771.txt,71,704,1452
中兴14765.txt,69,752,1532
思科1712.txt,134,1232,1442
华为15129.txt,86,617,1068
华为15897.txt,137,1087,1802
中兴15490.txt,56,604,1234
华为15883.txt,95,688,1176
中兴15484.txt,55,572,1166
华为15115.txt,85,619,1087
华为15101.txt,104,770,1308
烽火通信6771.txt,73,601,592
华为14948.txt,87,615,1079
中兴15651.txt,67,654,1306
思科2031.txt,26,457,699
思科2025.txt,26,433,646
中兴15645.txt,56,519,971
华为14974.txt,169,1339,2170
烽火通信6759.txt,68,655,662
华为14960.txt,198,1516,2427
中兴15679.txt,58,617,1221
中兴15692.txt,73,800,1626
中兴15686.txt,54,566,1126
思科2145.txt,53,908,1440
华三15317.txt,90,700,693
思科2151.txt,53,909,1447
烽火通信7269.txt,75,645,710
华为14828.txt,107,790,1324
烽火通信7241.txt,90,815,924
思科2179.txt,168,1424,1599
烽火通信7255.txt,75,687,788
华为16030.txt,246,2475,4937
思科2186.txt,264,2050,2167
思科2192.txt,189,1718,2055
华为16024.txt,154,1240,2034
烽火通信7282.txt,51,507,600
华为15263.txt,142,1081,1774
华为16018.txt,137,1026,1698
思科1896.txt,26,448,678
华为15920.txt,135,985,1636
中兴15527.txt,92,980,1982
华为15934.txt,140,991,1615
中兴15533.txt,58,597,1208
思科1882.txt,27,471,720
华为15908.txt,124,899,1500
中兴15269.txt,44,469,977
中兴15282.txt,56,611,1271
思科1855.txt,43,707,1092
中兴14822.txt,1390,20545,52729
思科1841.txt,231,1899,2102
中兴15296.txt,65,697,1414
华为15049.txt,151,1190,1935
思科1869.txt,31,445,641
华为15061.txt,84,615,1089
华为15707.txt,149,1165,1916
华为15713.txt,136,1035,1697
华为15075.txt,124,912,1506
中兴15292.txt,61,674,1405
思科1845.txt,90,952,1268
中兴15286.txt,47,495,1031
华为15059.txt,96,716,1218
思科1879.txt,83,840,1071
华为15071.txt,98,724,1248
华为15717.txt,138,1053,1736
华为15703.txt,87,623,1081
华为15065.txt,87,612,1064
中兴15537.txt,74,819,1666
华为15930.txt,103,756,1286
中兴15523.txt,57,637,1306
华为15924.txt,117,862,1444
思科1892.txt,268,2077,2194
华为15918.txt,101,746,1277
中兴15279.txt,65,724,1497
华为16020.txt,239,1856,2941
思科2196.txt,56,1150,1777
思科2182.txt,266,2045,2138
华为16034.txt,133,970,1630
烽火通信7286.txt,92,829,928
华为16008.txt,109,814,1375
思科2155.txt,54,915,1451
华三15313.txt,85,597,580
思科2141.txt,54,913,1446
烽火通信7279.txt,77,695,770
华为14838.txt,167,1232,1976
烽火通信7251.txt,77,647,676
思科2169.txt,139,1219,1407
中兴15682.txt,67,735,1484
华为14958.txt,86,580,1009
中兴15641.txt,51,514,986
烽火通信6761.txt,68,660,789
思科2021.txt,26,432,647
思科2035.txt,162,1567,2004
中兴15655.txt,66,630,1195
华为14964.txt,154,1154,1854
思科2009.txt,26,446,675
华为14970.txt,143,1046,1680
中兴15669.txt,50,537,1095
华为15139.txt,150,1087,1792
思科1931.txt,26,448,678
中兴15480.txt,51,559,1148
华为15887.txt,112,824,1395
中兴15494.txt,58,604,1222
华为15893.txt,108,810,1376
思科1925.txt,77,1109,1682
华为15105.txt,89,631,1105
华为15111.txt,87,640,1132
中兴15325.txt,69,681,1366
华为15844.txt,144,1083,1784
中兴15443.txt,63,695,1412
华为15850.txt,85,624,1101
中兴14749.txt,57,613,1232
中兴15457.txt,60,633,1288
思科2237.txt,160,1376,1567
中兴15331.txt,64,700,1416
华为15878.txt,148,1105,1830
中兴14761.txt,71,756,1592
中兴14775.txt,1451,22515,57405
中兴14774.txt,47,487,957
中兴14760.txt,71,756,1592
华为15879.txt,148,1105,1830
中兴15456.txt,45,462,912
中兴14748.txt,49,497,984
华为15851.txt,78,564,997
中兴15330.txt,63,698,1420
思科2236.txt,27,473,727
中兴15442.txt,50,532,1070
华为15845.txt,78,564,997
思科1918.txt,28,454,681
华为15110.txt,150,1193,1974
华为15104.txt,151,1095,1775
华为15892.txt,108,810,1376
中兴15495.txt,61,656,1351
思科1930.txt,111,1406,2030
华为15138.txt,186,1342,2136
华为15886.txt,139,1039,1731
中兴15481.txt,51,559,1148
思科2008.txt,26,446,675
中兴15668.txt,50,537,1095
华为14971.txt,111,810,1347
华为14965.txt,154,1154,1854
思科2034.txt,156,1424,1780
中兴15654.txt,66,630,1195
烽火通信6760.txt,65,673,809
中兴15640.txt,50,495,933
华为14959.txt,109,781,1308
思科2020.txt,24,392,603
中兴15683.txt,67,735,1484
烽火通信7244.txt,102,931,1040
烽火通信7250.txt,77,655,681
思科2140.txt,53,911,1453
烽火通信7278.txt,98,889,1012
华三15312.txt,101,773,738
华为14839.txt,104,777,1321
思科2154.txt,53,910,1447
华为16009.txt,87,628,1090
思科2183.txt,263,2044,2152
华为16035.txt,101,706,1195
华为16021.txt,98,728,1251
思科2197.txt,58,1177,1795
华为15919.txt,135,985,1636
中兴15278.txt,661,10813,28543
华为15925.txt,105,769,1295
中兴15522.txt,44,469,946
思科1893.txt,229,1843,1999
华为15931.txt,93,657,1122
中兴15536.txt,1943,31056,78380
华为15702.txt,105,791,1325
华为15064.txt,87,612,1064
华为15070.txt,98,724,1248
思科1878.txt,93,900,1121
华为15716.txt,138,1053,1736
华为15058.txt,96,716,1218
中兴15287.txt,47,495,1031
思科1844.txt,90,952,1268
中兴15293.txt,65,727,1471
中兴15285.txt,67,744,1545
华为15728.txt,130,952,1558
中兴15291.txt,61,674,1405
华为15066.txt,88,628,1099
中兴14819.txt,48,493,967
华为15700.txt,145,1120,1829
华为15714.txt,127,965,1592
华为15072.txt,149,1199,1983
华为15099.txt,179,1400,2244
思科1891.txt,66,868,1284
中兴15520.txt,51,506,981
华为15927.txt,105,769,1295
中兴15534.txt,61,609,1220
华为15933.txt,107,767,1298
中兴15508.txt,52,526,1031
华为16037.txt,86,599,1053
思科2181.txt,52,734,1117
华为15258.txt,88,649,1129
思科2195.txt,22,353,530
华为16023.txt,89,630,1088
烽火通信7285.txt,91,822,922
华为15264.txt,174,1308,2108
华三15310.txt,75,546,556
思科2142.txt,54,913,1447
思科2156.txt,54,913,1444
烽火通信7246.txt,77,751,908
烽火通信7252.txt,77,656,681
华为14998.txt,114,806,1324
中兴15681.txt,67,735,1484
中兴15656.txt,65,626,1191
烽火通信6776.txt,53,513,555
思科2036.txt,170,1876,2518
思科2022.txt,26,432,647
中兴15642.txt,51,514,986
华为14973.txt,114,780,1291
华为14967.txt,139,1020,1651
思科1926.txt,229,1840,1986
中兴15497.txt,53,582,1134
华为15890.txt,108,810,1376
中兴14789.txt,58,614,1226
中兴15483.txt,55,572,1166
华为15884.txt,139,1039,1731
华为15112.txt,87,640,1132
华为15106.txt,89,631,1105
思科2234.txt,54,787,1211
中兴15332.txt,52,517,1062
华为15853.txt,78,564,997
中兴15454.txt,45,462,912
华为15847.txt,97,706,1225
思科1729.txt,166,1539,1878
中兴15326.txt,73,737,1472
思科2208.txt,30,499,750
中兴14776.txt,83,860,1806
中兴15468.txt,44,448,905
中兴14762.txt,49,492,936
中兴14763.txt,69,752,1532
思科2209.txt,32,508,756
中兴15469.txt,44,448,905
中兴14777.txt,68,717,1490
中兴15441.txt,50,532,1070
华为15846.txt,78,564,997
中兴15327.txt,50,522,1038
思科1728.txt,145,1414,1774
中兴15333.txt,52,517,1062
思科2235.txt,230,1808,1933
中兴15455.txt,45,462,912
华为15852.txt,78,564,997
华为15107.txt,87,617,1086
华为15113.txt,89,631,1105
华为15885.txt,139,1039,1731
中兴15482.txt,47,486,999
思科1927.txt,144,1260,1464
中兴14788.txt,45,471,946
华为15891.txt,108,810,1376
中兴15496.txt,53,582,1134
华为14966.txt,139,1020,1651
华为14972.txt,171,1263,2015
思科2023.txt,26,433,645
中兴15643.txt,51,514,986
中兴15657.txt,57,563,1091
思科2037.txt,172,1889,2525
烽火通信6788.txt,53,505,526
中兴15680.txt,58,617,1221
华为14999.txt,90,631,1097
烽火通信7253.txt,79,657,686
烽火通信7247.txt,79,794,973
思科2157.txt,54,925,1460
思科2143.txt,53,910,1447
华三15311.txt,101,773,738
华为15265.txt,174,1308,2108
烽火通信7284.txt,86,810,955
思科2194.txt,21,350,529
华为16022.txt,103,762,1291
华为16036.txt,101,706,1195
华为15259.txt,189,1440,2336
思科2180.txt,26,455,702
中兴15509.txt,49,495,967
华为15932.txt,140,996,1616
中兴15535.txt,48,487,960
思科1890.txt,66,868,1284
华为15098.txt,166,1326,2171
华为15926.txt,105,769,1295
中兴15521.txt,54,574,1139
华为15715.txt,138,1053,1736
华为15073.txt,149,1199,1983
华为15067.txt,88,628,1099
华为15701.txt,116,882,1479
中兴14818.txt,48,492,966
华为15729.txt,130,952,1558
中兴15290.txt,49,524,1091
中兴15284.txt,67,744,1545
华为15724.txt,89,653,1120
华为15042.txt,132,989,1641
华为15056.txt,160,1158,1857
中兴15289.txt,49,524,1091
华为15730.txt,130,952,1558
华为15718.txt,138,1053,1736
中兴14801.txt,69,782,1606
思科1876.txt,227,1829,1975
思科1862.txt,175,1487,1678
中兴14815.txt,1206,18032,46937
中兴15538.txt,74,819,1666
华为15081.txt,92,691,1190
思科1889.txt,68,881,1295
华为15095.txt,133,1009,1673
中兴15504.txt,44,478,981
华为15903.txt,107,801,1371
中兴15276.txt,515,8486,21600
中兴15510.txt,49,495,967
华为15917.txt,101,746,1277
华为15240.txt,105,785,1320
思科2199.txt,58,1223,1885
华为15254.txt,107,820,1390
华为16013.txt,97,730,1249
华为16007.txt,99,744,1282
烽火通信7262.txt,67,604,678
华为14837.txt,113,822,1376
烽火通信7276.txt,72,757,917
华三15320.txt,104,593,554
思科2172.txt,187,1546,1708
华为14994.txt,125,927,1542
华为14980.txt,132,972,1590
烽火通信6791.txt,55,528,562
华为14957.txt,86,580,1009
华为14943.txt,108,800,1345
思科2012.txt,26,446,675
中兴15672.txt,55,573,1119
中兴15666.txt,57,598,1190
思科2006.txt,26,446,675
中兴14791.txt,70,796,1638
华为15888.txt,112,824,1395
华为15136.txt,132,995,1655
华为15122.txt,167,1259,2061
中兴14785.txt,65,698,1392
思科1916.txt,28,454,681
中兴14752.txt,52,539,1059
思科2238.txt,206,1571,1668
中兴14746.txt,48,493,980
中兴15458.txt,83,932,1954
华为15877.txt,90,641,1100
中兴15470.txt,61,673,1384
思科2210.txt,124,1313,2136
中兴15302.txt,36,402,845
思科2204.txt,58,1234,1903
华为15863.txt,88,631,1115
中兴15464.txt,85,910,1865
思科2205.txt,58,1237,1908
中兴15303.txt,60,646,1283
中兴15465.txt,56,621,1265
华为15862.txt,86,612,1084
中兴15471.txt,54,564,1129
华为15876.txt,90,641,1100
思科2211.txt,44,529,774
思科2239.txt,194,1549,1692
中兴15459.txt,83,932,1954
中兴14747.txt,48,493,980
中兴14753.txt,52,539,1059
思科1917.txt,28,454,681
华为15123.txt,167,1259,2061
中兴14784.txt,94,1045,2166
华为15889.txt,112,824,1395
中兴14790.txt,49,507,1002
华为15137.txt,186,1342,2136
中兴15667.txt,57,598,1190
思科2007.txt,26,446,675
思科2013.txt,26,446,675
中兴15673.txt,83,862,1762
华为14942.txt,98,730,1228
华为14956.txt,109,805,1363
烽火通信6784.txt,61,561,581
华为14981.txt,132,972,1590
华为14995.txt,93,631,1088
思科2173.txt,26,433,654
华三15321.txt,73,519,528
华为14836.txt,113,822,1376
烽火通信7277.txt,100,912,1029
烽火通信7263.txt,67,605,678
华三15309.txt,75,546,556
华为16006.txt,123,917,1523
华为16012.txt,88,613,1062
华为15255.txt,135,1037,1713
思科2198.txt,58,1177,1795
华为15241.txt,117,883,1481
中兴15277.txt,64,641,1259
华为15916.txt,101,746,1277
中兴15511.txt,49,495,967
华为15902.txt,107,801,1371
中兴15505.txt,44,478,981
华为15094.txt,133,1009,1673
中兴15539.txt,74,819,1666
华为15080.txt,92,691,1190
中兴14814.txt,73,846,1748
中兴14800.txt,70,776,1580
华为15719.txt,103,747,1271
思科1877.txt,83,840,1071
中兴15288.txt,62,648,1291
华为15057.txt,160,1158,1857
华为15731.txt,130,952,1558
华为15725.txt,89,653,1120
华为15043.txt,132,989,1641
华为15733.txt,112,799,1335
华为15055.txt,138,1060,1746
华为15041.txt,136,1032,1720
华为15727.txt,89,653,1120
中兴14816.txt,78,859,1743
思科1861.txt,175,1487,1678
华为15069.txt,88,664,1155
思科1875.txt,227,1829,1975
中兴14802.txt,49,507,1002
华为15928.txt,103,756,1286
华为15096.txt,249,2334,4573
华为15082.txt,108,841,1426
中兴15513.txt,55,602,1250
华为15914.txt,101,767,1312
中兴15275.txt,44,476,999
中兴15507.txt,1585,24589,61482
华为15900.txt,94,686,1185
华为15257.txt,88,649,1129
华为16038.txt,86,599,1053
华为15243.txt,87,629,1104
华为16004.txt,114,830,1413
华为16010.txt,218,1717,2771
烽火通信7275.txt,66,646,761
华为14834.txt,115,860,1461
思科2159.txt,53,920,1456
烽火通信7261.txt,51,506,598
华三15323.txt,109,664,630
烽火通信7249.txt,83,734,805
思科2171.txt,53,794,1214
华为14983.txt,207,1551,2460
华为14997.txt,114,806,1324
烽火通信6792.txt,75,709,704
思科2039.txt,171,1884,2525
中兴15659.txt,57,563,1091
华为14940.txt,177,1268,2022
烽火通信6779.txt,73,654,661
华为14954.txt,101,737,1242
思科2005.txt,26,433,646
中兴15665.txt,57,598,1190
中兴15671.txt,55,573,1119
华为14968.txt,263,3004,6062
思科2011.txt,26,446,675
中兴15498.txt,59,627,1282
中兴14786.txt,55,550,1105
华为15121.txt,240,2109,4110
华为15135.txt,132,995,1655
中兴14792.txt,56,581,1145
思科1915.txt,227,1823,1972
华为15109.txt,150,1193,1974
中兴14745.txt,48,485,964
思科1732.txt,103,999,1214
中兴15329.txt,84,873,1857
中兴14751.txt,65,678,1394
华为15848.txt,97,706,1225
中兴14779.txt,69,748,1538
华为15860.txt,88,630,1113
中兴15467.txt,58,629,1273
中兴15301.txt,36,402,845
思科2207.txt,58,1237,1908
华为15874.txt,103,754,1285
中兴15473.txt,61,681,1408
中兴15472.txt,45,458,908
华为15875.txt,103,754,1285
中兴15466.txt,56,621,1265
华为15861.txt,86,612,1084
中兴14778.txt,62,640,1312
思科2206.txt,58,1237,1908
中兴15300.txt,68,741,1481
思科1727.txt,166,1539,1878
中兴15328.txt,77,801,1623
华为15849.txt,85,624,1101
中兴14750.txt,90,1012,2125
中兴14744.txt,55,557,1110
思科1733.txt,91,927,1154
华为15108.txt,87,617,1086
思科1914.txt,266,2057,2167
华为15134.txt,136,1078,1803
中兴14793.txt,60,629,1245
中兴14787.txt,72,762,1516
中兴15499.txt,59,627,1282
思科1928.txt,26,448,678
华为15120.txt,116,879,1475
华为14969.txt,143,1046,1680
中兴15670.txt,55,573,1119
思科2010.txt,26,446,675
思科2004.txt,26,433,645
中兴15664.txt,71,719,1440
华为14955.txt,101,737,1242
思科2038.txt,170,1876,2514
烽火通信6778.txt,68,634,651
华为14941.txt,149,1054,1711
中兴15658.txt,57,563,1091
烽火通信6793.txt,80,644,655
烽火通信6787.txt,55,528,562
华为14996.txt,93,631,1088
华为14982.txt,130,969,1571
烽火通信7248.txt,83,737,807
思科2170.txt,27,449,672
华三15322.txt,73,519,528
思科2158.txt,53,920,1456
烽火通信7260.txt,51,509,603
烽火通信7274.txt,69,656,770
华为14835.txt,244,2630,5309
华为16011.txt,88,613,1062
华为16005.txt,125,951,1594
华为15242.txt,117,883,1481
华为15256.txt,135,1037,1713
华为16039.txt,206,1540,2436
华为15901.txt,107,801,1371
中兴15506.txt,110,1212,2636
华为15915.txt,101,746,1277
中兴15512.txt,58,661,1380
中兴15274.txt,44,476,999
华为15083.txt,108,841,1426
华为15929.txt,103,756,1286
华为15097.txt,166,1326,2171
思科1874.txt,266,2063,2170
中兴14803.txt,66,739,1504
中兴14817.txt,68,742,1514
华为15068.txt,88,664,1155
思科1860.txt,175,1487,1678
华为15040.txt,136,1032,1720
华为15726.txt,89,653,1120
华为15732.txt,112,799,1335
华为15054.txt,138,1060,1746
思科1864.txt,40,603,909
中兴14813.txt,55,583,1170
华为15078.txt,122,936,1560
思科1870.txt,39,530,761
华为15050.txt,126,950,1578
思科1858.txt,54,959,1557
华为15736.txt,147,1088,1777
华为15722.txt,125,960,1604
华为15044.txt,99,711,1233
中兴15270.txt,44,469,977
中兴15516.txt,64,684,1378
华为15911.txt,101,767,1312
中兴15502.txt,60,651,1354
华为15905.txt,124,899,1500
华为15093.txt,160,1224,1991
华为15939.txt,101,729,1238
华为15087.txt,154,1126,1853
华为16001.txt,111,806,1357
华为16015.txt,118,853,1416
华为15252.txt,152,1094,1777
华为15246.txt,152,1195,1962
华为16029.txt,147,1115,1835
华三15440.txt,97,764,728
思科2174.txt,26,470,726
烽火通信7258.txt,66,622,718
思科2160.txt,53,920,1456
华为14831.txt,107,779,1330
思科2148.txt,54,925,1460
烽火通信7270.txt,74,644,710
烽火通信7264.txt,66,589,646
华为14825.txt,185,1361,2166
烽火通信6783.txt,52,502,536
华为14986.txt,102,745,1260
华为14992.txt,102,750,1268
华为14979.txt,106,780,1316
中兴15660.txt,52,536,1053
思科2000.txt,24,392,603
中兴15674.txt,82,858,1758
华为14945.txt,247,2707,5468
思科2028.txt,26,457,699
华为14951.txt,150,1159,1896
中兴15648.txt,64,694,1386
思科1910.txt,56,801,1212
华为15118.txt,89,631,1105
思科1904.txt,26,459,702
华为15124.txt,99,729,1242
中兴14783.txt,48,488,980
中兴15489.txt,56,604,1234
中兴14797.txt,65,707,1430
华为15130.txt,242,2119,4139
思科2202.txt,58,1228,1895
中兴15304.txt,60,646,1283
华为15865.txt,85,628,1102
中兴15462.txt,54,576,1172
华为15871.txt,98,725,1237
中兴14768.txt,63,639,1330
中兴15476.txt,70,771,1586
思科1737.txt,117,1483,2121
中兴15338.txt,70,799,1648
华为15859.txt,88,630,1113
中兴14740.txt,85,896,1882
中兴14754.txt,68,657,1290
华为15695.txt,94,699,1204
思科1723.txt,118,1112,1322
华为15694.txt,134,1014,1688
中兴14755.txt,137,1538,3326
思科1722.txt,118,1112,1322
中兴15339.txt,73,787,1711
思科1736.txt,117,1483,2121
中兴14741.txt,85,896,1882
华为15858.txt,86,628,1100
中兴15477.txt,53,553,1139
中兴14769.txt,66,684,1432
华为15870.txt,98,725,1237
中兴15305.txt,52,529,1087
思科2203.txt,58,1231,1899
中兴15463.txt,54,576,1172
华为15864.txt,88,631,1115
中兴14796.txt,57,598,1198
中兴15488.txt,46,463,911
华为15131.txt,115,893,1492
思科1939.txt,80,965,1421
华为15125.txt,99,729,1242
中兴14782.txt,51,508,986
思科1905.txt,51,856,1347
华为15119.txt,116,879,1475
思科1911.txt,56,802,1213
思科2029.txt,26,457,699
中兴15649.txt,64,694,1386
华为14950.txt,150,1159,1896
华为14944.txt,180,1308,2079
中兴15675.txt,83,862,1762
中兴15661.txt,52,536,1053
华为14978.txt,141,1094,1797
思科2001.txt,26,433,647
华为14993.txt,171,1251,2020
华为14987.txt,138,1021,1659
烽火通信7265.txt,66,586,640
华为14824.txt,185,1361,2166
华为14830.txt,136,934,1513
思科2149.txt,24,396,607
烽火通信7271.txt,72,760,924
烽火通信7259.txt,54,558,687
思科2161.txt,54,925,1460
思科2175.txt,24,421,636
华为15247.txt,102,756,1297
华为16028.txt,142,1027,1692
华为15253.txt,107,820,1390
华为16014.txt,96,648,1101
华为16000.txt,86,614,1085
华为15938.txt,88,627,1088
华为15086.txt,154,1126,1853
华为15092.txt,160,1224,1991
华为15904.txt,107,801,1371
中兴15503.txt,60,651,1354
中兴15271.txt,57,621,1287
华为15910.txt,106,767,1317
中兴15517.txt,57,604,1210
华为15723.txt,125,960,1604
华为15045.txt,99,711,1233
思科1859.txt,53,954,1553
华为15051.txt,126,950,1578
华为15737.txt,147,1088,1777
中兴14806.txt,66,726,1478
思科1871.txt,54,872,1364
华为15079.txt,122,936,1560
思科1865.txt,49,665,975
中兴14812.txt,49,519,1036
思科1873.txt,52,856,1350
中兴14804.txt,40,417,811
中兴14810.txt,48,509,995
华为15709.txt,87,630,1088
思科1867.txt,50,706,1060
中兴15298.txt,61,652,1299
华为15047.txt,157,1224,2001
华为15721.txt,125,960,1604
华为15735.txt,112,799,1335
华为15053.txt,158,1153,1853
中兴15267.txt,61,669,1401
中兴15501.txt,57,615,1278
华为15906.txt,124,899,1500
中兴15515.txt,64,684,1378
华为15912.txt,101,767,1312
中兴15273.txt,59,641,1293
华为15084.txt,88,643,1118
中兴15529.txt,44,446,873
华为15090.txt,91,649,1128
华为16016.txt,118,853,1416
华为16002.txt,111,806,1357
华为15245.txt,152,1195,1962
思科2188.txt,26,470,726
华为15251.txt,152,1094,1777
思科2163.txt,54,925,1460
思科2177.txt,158,1347,1527
华为14826.txt,157,1246,2028
烽火通信7267.txt,95,958,1171
烽火通信7273.txt,77,647,676
华三15319.txt,104,593,554
华为14832.txt,107,779,1330
烽火通信6794.txt,82,649,646
烽火通信6780.txt,105,933,1026
华为14991.txt,193,1544,2489
中兴15688.txt,54,566,1126
华为14985.txt,102,745,1260
中兴15677.txt,50,498,951
烽火通信6757.txt,60,565,589
思科2003.txt,26,433,645
中兴15663.txt,71,719,1440
华为14952.txt,79,552,979
华为14946.txt,183,1332,2122
思科1907.txt,217,1752,1892
思科1913.txt,227,1823,1972
华为15133.txt,136,1078,1803
中兴14794.txt,68,748,1523
华为15899.txt,94,686,1185
中兴14780.txt,48,488,959
华为15127.txt,99,729,1242
华为15872.txt,98,725,1237
中兴15475.txt,72,779,1594
华为15866.txt,85,628,1102
中兴15461.txt,54,576,1172
思科2201.txt,58,1223,1885
中兴15307.txt,50,503,995
思科1708.txt,24,421,636
中兴14757.txt,51,533,1049
中兴15449.txt,80,832,1687
华为15696.txt,94,699,1204
中兴14743.txt,56,538,1044
思科1734.txt,103,999,1214
中兴14742.txt,85,896,1882
思科1721.txt,135,1214,1407
华为15697.txt,96,708,1204
中兴15448.txt,82,840,1695
中兴14756.txt,65,688,1368
中兴15460.txt,83,932,1954
华为15867.txt,91,671,1192
思科1709.txt,24,421,636
中兴15306.txt,52,529,1087
思科2200.txt,58,1223,1885
中兴15474.txt,56,585,1158
华为15873.txt,103,754,1285
中兴14781.txt,48,488,959
华为15898.txt,94,686,1185
华为15126.txt,99,729,1242
华为15132.txt,115,893,1492
中兴14795.txt,46,465,913
思科1912.txt,56,802,1213
思科1906.txt,254,1973,2075
华为14947.txt,183,1332,2122
华为14953.txt,79,552,979
思科2002.txt,26,433,647
中兴15662.txt,71,719,1440
中兴15676.txt,50,498,951
华为14984.txt,207,1551,2460
中兴15689.txt,56,611,1261
华为14990.txt,92,651,1098
烽火通信6781.txt,96,845,926
华三15318.txt,90,700,693
烽火通信7272.txt,77,655,681
华为14833.txt,115,860,1461
华为14827.txt,157,1246,2028
烽火通信7266.txt,102,986,1191
思科2176.txt,264,2052,2161
华三15324.txt,109,664,630
思科2162.txt,53,920,1456
华为15250.txt,143,1092,1801
思科2189.txt,24,417,636
华为15244.txt,87,629,1104
华为16003.txt,114,830,1413
华为16017.txt,87,619,1079
中兴15528.txt,52,537,1053
华为15091.txt,91,649,1128
华为15085.txt,88,643,1118
华为15913.txt,101,767,1312
中兴15514.txt,64,684,1378
中兴15272.txt,57,621,1287
中兴15266.txt,50,554,1179
华为15907.txt,124,899,1500
中兴15500.txt,57,615,1278
华为15734.txt,112,799,1335
华为15052.txt,158,1153,1853
华为15046.txt,157,1224,2001
中兴15299.txt,61,652,1299
华为15720.txt,125,960,1604
华为15708.txt,149,1165,1916
中兴14811.txt,88,979,2026
思科1872.txt,54,872,1364
中兴14805.txt,40,417,811
中兴14686.txt,72,779,1598
中兴15598.txt,43,428,852
华为15747.txt,119,883,1480
中兴14692.txt,56,580,1145
华为15753.txt,127,977,1633
华为15035.txt,127,970,1619
思科1815.txt,144,2004,3024
华为15009.txt,130,1001,1662
华为15784.txt,102,710,1207
华为15790.txt,152,1169,1937
华为15948.txt,132,956,1579
中兴15567.txt,69,697,1379
华为15960.txt,245,2069,3957
中兴14679.txt,94,1001,2010
中兴15573.txt,45,431,824
华为15974.txt,139,1094,1811
华为14883.txt,117,842,1392
华为15223.txt,133,951,1554
华为15237.txt,128,979,1622
华为16058.txt,95,670,1137
华为14897.txt,84,586,1049
华为16070.txt,87,654,1141
华三15394.txt,66,495,515
华三15380.txt,70,531,543
华为16064.txt,100,724,1239
华为14840.txt,133,952,1554
思科2139.txt,26,435,649
华为14854.txt,100,719,1258
华三15419.txt,57,394,425
华三15431.txt,77,591,591
华三15425.txt,65,476,492
华为14868.txt,84,595,1038
华为14934.txt,115,869,1451
中兴15639.txt,50,495,933
华为14920.txt,151,1170,1904
中兴15611.txt,49,528,1053
华为14908.txt,169,1297,2101
烽火通信6731.txt,82,663,689
思科2071.txt,58,1240,1908
思科2065.txt,58,1228,1891
中兴15605.txt,53,515,1036
烽火通信6725.txt,79,629,619
华为15155.txt,185,1510,2440
思科1949.txt,95,1350,2031
华为15141.txt,237,2020,3921
思科1961.txt,95,1350,2031
华为15169.txt,236,2019,3923
思科1975.txt,182,1375,1440
思科1746.txt,63,1108,1769
中兴15349.txt,73,768,1538
华为15196.txt,104,773,1313
中兴14731.txt,87,971,2046
华为15828.txt,116,892,1502
中兴14725.txt,48,490,965
华为15182.txt,163,1238,2009
思科1752.txt,26,489,779
华为15814.txt,101,736,1263
中兴14719.txt,66,725,1469
华为15800.txt,135,1024,1701
中兴15361.txt,58,630,1282
华为15801.txt,135,1024,1701
中兴14718.txt,99,1091,2242
中兴15360.txt,74,746,1463
华为15815.txt,101,736,1263
中兴14724.txt,47,486,958
华为15183.txt,163,1238,2009
华为15197.txt,128,964,1595
中兴15348.txt,50,515,1036
思科1747.txt,162,1497,1837
华为15829.txt,115,856,1432
中兴14730.txt,1304,19610,49856
思科1974.txt,186,1615,1796
华为15168.txt,139,1056,1744
思科1960.txt,94,1345,2027
华为15140.txt,152,1101,1804
思科1948.txt,95,1350,2031
思科1784.txt,84,941,1262
华为15154.txt,179,1322,2109
思科2064.txt,56,1161,1782
烽火通信6724.txt,70,654,665
中兴15604.txt,52,511,1032
烽火通信6730.txt,81,654,682
华为14909.txt,169,1297,2101
中兴15610.txt,49,528,1053
思科2070.txt,58,1237,1903
思科2058.txt,172,1917,2563
烽火通信6718.txt,63,574,593
华为14921.txt,150,1100,1820
中兴15638.txt,50,495,933
华为14935.txt,154,1122,1806
华为14869.txt,80,573,1016
华三15424.txt,124,992,918
华三15430.txt,71,534,542
华三15418.txt,65,480,498
华为14855.txt,100,719,1258
华为14841.txt,164,1222,1975
思科2138.txt,24,396,607
华三15381.txt,64,478,500
华为16065.txt,100,724,1239
华为16071.txt,98,714,1225
华三15395.txt,69,515,527
华为15236.txt,190,1406,2257
华为14896.txt,116,811,1335
华为16059.txt,88,626,1085
华为14882.txt,176,1320,2131
华为15222.txt,116,888,1492
华为15975.txt,237,2355,4722
中兴15572.txt,41,424,854
中兴14678.txt,46,463,922
华为15961.txt,123,935,1563
中兴15566.txt,53,522,1023
华为15949.txt,117,863,1455
华为15791.txt,152,1169,1937
华为15785.txt,102,710,1207
华为15008.txt,130,1001,1662
华为15752.txt,127,977,1633
中兴14693.txt,78,836,1688
华为15034.txt,127,970,1619
华为15746.txt,119,883,1480
中兴15599.txt,43,428,852
中兴14687.txt,56,568,1116
华为15036.txt,171,1305,2118
华为15988.txt,103,751,1278
中兴14691.txt,61,643,1312
华为15750.txt,261,2484,5008
中兴14685.txt,70,747,1526
华为15744.txt,119,883,1480
华为15022.txt,266,2360,4048
华为15778.txt,124,910,1526
思科1816.txt,141,1983,3006
华为15793.txt,152,1169,1937
中兴15558.txt,67,698,1406
华为15787.txt,139,1071,1772
中兴15570.txt,49,491,980
华为15977.txt,109,955,2080
中兴15564.txt,55,553,1085
华为15963.txt,150,1139,1867
华为14894.txt,115,845,1406
华为15234.txt,132,1003,1669
华为15220.txt,140,1052,1729
华为14880.txt,173,1303,2114
华为16067.txt,118,871,1458
华三15383.txt,73,551,555
华为15208.txt,153,1175,1929
华三15397.txt,70,530,541
华为16073.txt,101,753,1291
华为14857.txt,90,677,1170
华为14843.txt,125,964,1619
华三15426.txt,65,476,492
思科2112.txt,24,399,613
华三15432.txt,77,591,591
华为14923.txt,138,1036,1719
华为14937.txt,90,629,1096
中兴15606.txt,60,604,1236
烽火通信6726.txt,83,651,635
思科2066.txt,58,1228,1891
思科2072.txt,58,1240,1908
中兴15612.txt,54,534,1047
烽火通信6732.txt,55,529,557
华为15142.txt,143,1110,1818
华为15156.txt,185,1510,2440
思科1976.txt,184,1563,1705
思科1962.txt,95,1350,2031
华为15181.txt,257,2525,5001
思科1989.txt,24,392,603
思科1751.txt,26,489,779
中兴14726.txt,95,1069,2216
中兴14732.txt,62,664,1334
思科1745.txt,64,1113,1773
华为15195.txt,104,773,1313
中兴15362.txt,77,818,1704
华为15803.txt,127,914,1533
华为15817.txt,123,903,1523
思科1779.txt,147,1403,1741
华为15816.txt,123,903,1523
思科1778.txt,122,1104,1322
中兴15363.txt,72,803,1648
华为15802.txt,135,1024,1701
中兴14733.txt,50,534,1063
华为15194.txt,119,915,1537
思科1744.txt,63,1108,1769
思科1750.txt,26,489,779
思科1988.txt,186,1615,1796
华为15180.txt,251,2520,5005
中兴14727.txt,49,507,1002
思科1963.txt,94,1345,2027
思科1977.txt,186,1612,1791
华为15157.txt,125,972,1616
华为15143.txt,143,1110,1818
思科2073.txt,58,1240,1908
中兴15613.txt,54,534,1047
中兴15607.txt,60,604,1236
思科2067.txt,58,1228,1891
华为14936.txt,109,781,1308
华为14922.txt,134,950,1569
华三15433.txt,63,459,477
华三15427.txt,84,659,655
思科2113.txt,26,438,655
华为14842.txt,125,964,1619
华为14856.txt,74,534,953
华三15396.txt,69,515,527
华为16072.txt,111,815,1370
华为16066.txt,115,831,1394
华为15209.txt,120,890,1487
华三15382.txt,64,478,500
华为15221.txt,116,888,1492
华为14881.txt,104,783,1354
华为14895.txt,116,811,1335
华为15235.txt,190,1406,2257
华为15962.txt,200,1516,2471
中兴15565.txt,53,522,1023
华为15976.txt,121,845,1392
中兴15571.txt,41,424,854
华为15786.txt,139,1071,1772
中兴15559.txt,42,444,875
华为15792.txt,152,1169,1937
华为15779.txt,124,910,1526
思科1817.txt,144,2004,3024
华为15745.txt,119,883,1480
中兴14684.txt,77,873,1821
华为15023.txt,265,2360,4049
华为15037.txt,171,1305,2118
华为15751.txt,127,977,1633
中兴14690.txt,73,789,1655
华为15989.txt,81,554,976
华为15769.txt,98,699,1205
中兴14694.txt,78,836,1688
华为15755.txt,93,635,1079
华为15033.txt,114,840,1425
华为15027.txt,122,897,1502
中兴14680.txt,49,529,1053
华为15999.txt,86,614,1085
华为15741.txt,120,907,1507
中兴15575.txt,48,486,968
华为15972.txt,108,806,1369
中兴15561.txt,54,549,1079
华为15966.txt,93,663,1144
华为15796.txt,103,768,1311
中兴15549.txt,48,510,1028
华为15782.txt,102,710,1207
华三15386.txt,87,692,690
华为16062.txt,251,2479,4916
华为16076.txt,101,743,1265
华为15219.txt,140,1052,1729
华三15392.txt,71,535,542
华为15231.txt,147,1091,1772
华为14891.txt,79,556,995
华为14885.txt,105,732,1234
华为15225.txt,96,697,1189
思科2117.txt,53,917,1461
华三15423.txt,124,992,918
华三15437.txt,111,678,638
华三15379.txt,70,531,543
华为14852.txt,88,624,1086
华为16089.txt,112,804,1358
华为14846.txt,86,598,1061
思科2063.txt,56,1161,1782
中兴15603.txt,63,646,1282
中兴15617.txt,50,498,947
思科2077.txt,54,620,933
华为14926.txt,103,763,1295
华为14932.txt,102,717,1250
思科1973.txt,186,1615,1796
思科1967.txt,186,1613,1790
华为15147.txt,125,956,1605
华为15153.txt,179,1322,2109
思科1783.txt,84,941,1262
华为15806.txt,110,810,1361
中兴15367.txt,52,514,995
华为15812.txt,101,736,1263
中兴14723.txt,65,643,1267
华为15184.txt,128,988,1634
思科1998.txt,26,446,675
思科1740.txt,27,510,796
华为15190.txt,127,962,1590
中兴14737.txt,73,774,1590
华为15191.txt,127,963,1607
思科1741.txt,27,510,796
思科1999.txt,26,446,675
中兴14736.txt,44,448,877
中兴14722.txt,44,440,874
华为15185.txt,128,987,1634
华为15813.txt,101,736,1263
华为15807.txt,110,810,1361
中兴15366.txt,40,405,793
思科1782.txt,84,941,1262
华为15152.txt,96,708,1225
华为15146.txt,246,2315,4558
思科1966.txt,186,1612,1791
思科1972.txt,186,1615,1796
华为14933.txt,102,717,1250
华为14927.txt,103,763,1295
中兴15616.txt,70,693,1376
思科2076.txt,120,1333,2229
思科2062.txt,57,1165,1792
中兴15602.txt,63,646,1282
华为14847.txt,167,1244,2009
华为16088.txt,88,665,1155
华三15378.txt,71,530,542
华为14853.txt,107,781,1306
华三15436.txt,69,505,513
思科2116.txt,53,914,1456
华三15422.txt,112,664,623
华为14884.txt,117,842,1392
华为15224.txt,133,951,1554
华为15230.txt,99,740,1257
华为14890.txt,140,1071,1785
华为16077.txt,117,835,1412
华三15393.txt,66,495,515
华为15218.txt,101,748,1282
华三15387.txt,87,675,655
华为16063.txt,205,1504,2385
华为15783.txt,102,710,1207
中兴15548.txt,48,510,1028
华为15797.txt,103,768,1311
华为15967.txt,94,715,1220
中兴15560.txt,42,444,875
华为15973.txt,90,641,1111
中兴15574.txt,45,431,824
华为15026.txt,122,897,1502
华为15740.txt,120,907,1507
华为15998.txt,86,614,1085
中兴14681.txt,49,529,1053
华为15754.txt,127,977,1633
中兴14695.txt,78,836,1688
华为15032.txt,114,840,1425
华为15768.txt,98,699,1205
中兴14683.txt,41,438,869
华为15742.txt,125,945,1573
思科1838.txt,53,954,1553
华为15030.txt,96,694,1202
中兴14697.txt,63,694,1396
华为15756.txt,93,635,1079
中兴15589.txt,55,557,1093
中兴15562.txt,54,549,1079
华为15965.txt,128,937,1557
中兴15576.txt,48,486,968
中兴14668.txt,1038,16755,42101
华为15971.txt,103,769,1293
华为15781.txt,124,910,1526
华为15959.txt,180,1447,2353
华为15795.txt,103,768,1311
华三15391.txt,71,535,542
华为16075.txt,101,727,1236
华为16061.txt,213,1541,2430
华三15385.txt,87,692,690
华为15226.txt,96,697,1189
华为14886.txt,176,1359,2220
华为16049.txt,91,648,1115
华为14892.txt,79,556,995
华为15232.txt,147,1091,1772
华为14879.txt,173,1303,2114
华三15434.txt,63,459,477
华三15420.txt,57,394,425
思科2114.txt,53,917,1466
华三15408.txt,79,592,583
华为14845.txt,100,721,1211
华为14851.txt,88,624,1086
思科2128.txt,53,917,1461
思科2074.txt,29,478,711
中兴15614.txt,1121,19821,51694
华为14919.txt,92,690,1218
中兴15600.txt,732,13112,32353
思科2060.txt,30,408,608
思科2048.txt,170,1876,2514
华为14931.txt,74,534,953
中兴15628.txt,68,768,1576
华为14925.txt,109,793,1331
思科1964.txt,182,1383,1464
华为15178.txt,84,592,1043
思科1970.txt,186,1615,1796
华为15150.txt,121,904,1527
思科1780.txt,161,1487,1811
思科1958.txt,94,1345,2027
华为15144.txt,142,1081,1775
华为15811.txt,103,764,1305
中兴15364.txt,1606,23874,60478
华为15805.txt,110,810,1361
中兴14734.txt,50,534,1063
华为15193.txt,119,915,1537
华为15187.txt,168,1273,2078
华为15839.txt,108,809,1376
中兴14720.txt,61,620,1257
中兴15359.txt,62,675,1370
华为15186.txt,233,1817,3471
中兴14721.txt,70,774,1608
华为15838.txt,108,809,1376
中兴14735.txt,44,448,877
华为15192.txt,127,963,1607
中兴15365.txt,68,789,1640
华为15804.txt,110,810,1361
华为15810.txt,103,764,1305
华为15145.txt,142,1081,1775
思科1959.txt,95,1350,2031
思科1781.txt,147,1403,1741
华为15151.txt,96,708,1225
思科1971.txt,186,1615,1796
华为15179.txt,84,592,1043
思科1965.txt,184,1409,1474
华为14924.txt,109,793,1331
思科2049.txt,170,1876,2514
中兴15629.txt,68,768,1576
华为14930.txt,120,938,1558
中兴15601.txt,63,646,1282
华为14918.txt,92,690,1218
思科2061.txt,29,402,604
思科2075.txt,29,487,724
中兴15615.txt,70,693,1376
华为14850.txt,103,717,1226
思科2129.txt,52,912,1457
华为14844.txt,100,721,1211
华三15409.txt,71,533,541
华三15421.txt,112,664,623
思科2115.txt,53,914,1455
烽火通信7239.txt,70,624,658
华三15435.txt,69,505,513
华为14878.txt,90,619,1060
华为14893.txt,115,845,1406
华为15233.txt,132,1003,1669
华为15227.txt,96,701,1193
华为16048.txt,82,583,1022
华为14887.txt,103,762,1295
华为16060.txt,81,581,1012
华三15384.txt,73,551,555
华三15390.txt,65,481,499
华为16074.txt,101,753,1291
华为15794.txt,103,768,1311
华为15958.txt,101,713,1212
华为15780.txt,124,910,1526
华为15970.txt,94,717,1233
中兴14669.txt,92,1001,2118
中兴15577.txt,42,440,869
华为15964.txt,101,719,1216
中兴15563.txt,55,553,1085
华为15031.txt,96,694,1202
思科1839.txt,54,959,1557
中兴15588.txt,60,608,1224
华为15757.txt,93,635,1079
中兴14696.txt,62,655,1346
华为15743.txt,125,945,1573
中兴14682.txt,41,438,869
